Date and Time, CO2On, LightOn, Light Level
2024Sep03 00:00:00, False,  True,       94
2024Sep03 00:00:10, False,  True,       94
2024Sep03 00:00:20, False,  True,       94
2024Sep03 00:00:30, False,  True,       94
2024Sep03 00:00:40, False,  True,       94
2024Sep03 00:00:50, False,  True,       94
2024Sep03 00:01:00, False,  True,       94
2024Sep03 00:01:10,  True,  True,       94
2024Sep03 00:01:20,  True,  True,       94
2024Sep03 00:01:30,  True,  True,       94
2024Sep03 00:01:40, False,  True,       94
2024Sep03 00:01:50, False,  True,       94
2024Sep03 00:02:10, False,  True,       94
2024Sep03 00:02:20, False,  True,       94
2024Sep03 00:02:30, False,  True,       94
2024Sep03 00:02:40, False,  True,       94
2024Sep03 00:02:50, False,  True,       94
2024Sep03 00:03:00, False,  True,       94
2024Sep03 00:03:20, False,  True,       94
2024Sep03 00:03:30, False,  True,       94
2024Sep03 00:03:40, False,  True,       94
2024Sep03 00:03:50, False,  True,       94
2024Sep03 00:04:00, False,  True,       94
2024Sep03 00:04:10, False,  True,       94
2024Sep03 00:04:20, False,  True,       94
2024Sep03 00:04:40, False,  True,       94
2024Sep03 00:04:50, False,  True,       94
2024Sep03 00:05:00, False,  True,       94
2024Sep03 00:05:10, False,  True,       94
2024Sep03 00:05:20, False,  True,       94
2024Sep03 00:05:30, False,  True,       94
2024Sep03 00:05:40, False,  True,       94
2024Sep03 00:06:00, False,  True,       94
2024Sep03 00:06:10,  True,  True,       94
2024Sep03 00:06:20,  True,  True,       94
2024Sep03 00:06:30,  True,  True,       94
2024Sep03 00:06:40, False,  True,       94
2024Sep03 00:06:50, False,  True,       94
2024Sep03 00:07:00, False,  True,       94
2024Sep03 00:07:20, False,  True,       94
2024Sep03 00:07:30, False,  True,       94
2024Sep03 00:07:40, False,  True,       94
2024Sep03 00:07:50, False,  True,       94
2024Sep03 00:08:00, False,  True,       94
2024Sep03 00:08:10, False,  True,       94
2024Sep03 00:08:20, False,  True,       94
2024Sep03 00:08:40, False,  True,       94
2024Sep03 00:08:50, False,  True,       94
2024Sep03 00:09:00, False,  True,       94
2024Sep03 00:09:10, False,  True,       94
2024Sep03 00:09:20, False,  True,       94
2024Sep03 00:09:30, False,  True,       94
2024Sep03 00:09:40, False,  True,       94
2024Sep03 00:09:50, False,  True,       94
2024Sep03 00:10:10, False,  True,       94
2024Sep03 00:10:20, False,  True,       94
2024Sep03 00:10:30, False,  True,       94
2024Sep03 00:10:40, False,  True,       94
2024Sep03 00:10:50, False,  True,       94
2024Sep03 00:11:00, False,  True,       94
2024Sep03 00:11:10,  True,  True,       94
2024Sep03 00:11:30,  True,  True,       94
2024Sep03 00:11:40, False,  True,       94
2024Sep03 00:11:50, False,  True,       94
2024Sep03 00:12:00, False,  True,       94
2024Sep03 00:12:10, False,  True,       94
2024Sep03 00:12:20, False,  True,       94
2024Sep03 00:12:40, False,  True,       94
2024Sep03 00:12:50, False,  True,       94
2024Sep03 00:13:00, False,  True,       94
2024Sep03 00:13:10, False,  True,       94
2024Sep03 00:13:20, False,  True,       94
2024Sep03 00:13:30, False,  True,       94
2024Sep03 00:13:40, False,  True,       94
2024Sep03 00:14:00, False,  True,       94
2024Sep03 00:14:10, False,  True,       94
2024Sep03 00:14:20, False,  True,       94
2024Sep03 00:14:30, False,  True,       94
2024Sep03 00:14:40, False,  True,       94
2024Sep03 00:14:50, False,  True,       94
2024Sep03 00:15:00, False,  True,       94
2024Sep03 00:15:10, False,  True,       94
2024Sep03 00:15:20, False,  True,       94
2024Sep03 00:15:30, False,  True,       94
2024Sep03 00:15:40, False,  True,       94
2024Sep03 00:15:50, False,  True,       94
2024Sep03 00:16:00, False,  True,       94
2024Sep03 00:16:10,  True,  True,       94
2024Sep03 00:16:20,  True,  True,       94
2024Sep03 00:16:30,  True,  True,       94
2024Sep03 00:16:50, False,  True,       94
2024Sep03 00:17:00, False,  True,       93
2024Sep03 00:17:10, False,  True,       93
2024Sep03 00:17:20, False,  True,       93
2024Sep03 00:17:30, False,  True,       93
2024Sep03 00:17:40, False,  True,       93
2024Sep03 00:18:00, False,  True,       93
2024Sep03 00:18:10, False,  True,       93
2024Sep03 00:18:20, False,  True,       93
2024Sep03 00:18:30, False,  True,       93
2024Sep03 00:18:40, False,  True,       93
2024Sep03 00:18:50, False,  True,       93
2024Sep03 00:19:00, False,  True,       93
2024Sep03 00:19:20, False,  True,       93
2024Sep03 00:19:30, False,  True,       93
2024Sep03 00:19:40, False,  True,       93
2024Sep03 00:19:50, False,  True,       93
2024Sep03 00:20:00, False,  True,       93
2024Sep03 00:20:10, False,  True,       93
2024Sep03 00:20:20, False,  True,       93
2024Sep03 00:20:30, False,  True,       93
2024Sep03 00:20:50, False,  True,       93
2024Sep03 00:21:00, False,  True,       93
2024Sep03 00:21:10,  True,  True,       93
2024Sep03 00:21:20,  True,  True,       93
2024Sep03 00:21:30,  True,  True,       93
2024Sep03 00:21:40, False,  True,       93
2024Sep03 00:21:50, False,  True,       93
2024Sep03 00:22:10, False,  True,       93
2024Sep03 00:22:20, False,  True,       93
2024Sep03 00:22:30, False,  True,       93
2024Sep03 00:22:40, False,  True,       93
2024Sep03 00:22:50, False,  True,       93
2024Sep03 00:23:00, False,  True,       93
2024Sep03 00:23:10, False,  True,       93
2024Sep03 00:23:40, False,  True,       93
2024Sep03 00:23:50, False,  True,       93
2024Sep03 00:24:00, False,  True,       92
2024Sep03 00:24:10, False,  True,       92
2024Sep03 00:24:20, False,  True,       92
2024Sep03 00:24:30, False,  True,       92
2024Sep03 00:24:40, False,  True,       92
2024Sep03 00:25:00, False,  True,       92
2024Sep03 00:25:10, False,  True,       92
2024Sep03 00:25:20, False,  True,       92
2024Sep03 00:25:30, False,  True,       92
2024Sep03 00:25:40, False,  True,       92
2024Sep03 00:25:50, False,  True,       92
2024Sep03 00:26:10,  True,  True,       92
2024Sep03 00:26:20,  True,  True,       92
2024Sep03 00:26:30,  True,  True,       92
2024Sep03 00:26:40, False,  True,       92
2024Sep03 00:26:50, False,  True,       92
2024Sep03 00:27:00, False,  True,       92
2024Sep03 00:27:10, False,  True,       92
2024Sep03 00:27:40, False,  True,       92
2024Sep03 00:27:50, False,  True,       92
2024Sep03 00:28:00, False,  True,       92
2024Sep03 00:28:10, False,  True,       92
2024Sep03 00:28:20, False,  True,       92
2024Sep03 00:28:30, False,  True,       92
2024Sep03 00:28:40, False,  True,       92
2024Sep03 00:28:50, False,  True,       92
2024Sep03 00:29:00, False,  True,       91
2024Sep03 00:29:10, False,  True,       91
2024Sep03 00:29:20, False,  True,       91
2024Sep03 00:29:30, False,  True,       91
2024Sep03 00:29:40, False,  True,       91
2024Sep03 00:29:50, False,  True,       91
2024Sep03 00:30:20, False,  True,       91
2024Sep03 00:30:30, False,  True,       91
2024Sep03 00:30:40, False,  True,       91
2024Sep03 00:30:50, False,  True,       91
2024Sep03 00:31:00, False,  True,       91
2024Sep03 00:31:10,  True,  True,       91
2024Sep03 00:31:20,  True,  True,       91
2024Sep03 00:31:40, False,  True,       91
2024Sep03 00:31:50, False,  True,       91
2024Sep03 00:32:00, False,  True,       91
2024Sep03 00:32:10, False,  True,       91
2024Sep03 00:32:20, False,  True,       91
2024Sep03 00:32:30, False,  True,       91
2024Sep03 00:32:40, False,  True,       91
2024Sep03 00:33:00, False,  True,       91
2024Sep03 00:33:10, False,  True,       91
2024Sep03 00:33:20, False,  True,       91
2024Sep03 00:33:30, False,  True,       91
2024Sep03 00:33:40, False,  True,       91
2024Sep03 00:33:50, False,  True,       91
2024Sep03 00:34:00, False,  True,       90
2024Sep03 00:34:10, False,  True,       90
2024Sep03 00:34:20, False,  True,       90
2024Sep03 00:34:30, False,  True,       90
2024Sep03 00:34:40, False,  True,       90
2024Sep03 00:34:50, False,  True,       90
2024Sep03 00:35:00, False,  True,       90
2024Sep03 00:35:20, False,  True,       90
2024Sep03 00:35:30, False,  True,       90
2024Sep03 00:35:40, False,  True,       90
2024Sep03 00:35:50, False,  True,       90
2024Sep03 00:36:00, False,  True,       90
2024Sep03 00:36:10,  True,  True,       90
2024Sep03 00:36:20,  True,  True,       90
2024Sep03 00:36:30,  True,  True,       90
2024Sep03 00:36:50, False,  True,       90
2024Sep03 00:37:00, False,  True,       90
2024Sep03 00:37:10, False,  True,       90
2024Sep03 00:37:20, False,  True,       90
2024Sep03 00:37:30, False,  True,       90
2024Sep03 00:37:40, False,  True,       90
2024Sep03 00:37:50, False,  True,       90
2024Sep03 00:38:10, False,  True,       89
2024Sep03 00:38:20, False,  True,       89
2024Sep03 00:38:30, False,  True,       89
2024Sep03 00:38:40, False,  True,       89
2024Sep03 00:38:50, False,  True,       89
2024Sep03 00:39:00, False,  True,       89
2024Sep03 00:39:10, False,  True,       89
2024Sep03 00:39:40, False,  True,       89
2024Sep03 00:39:50, False,  True,       89
2024Sep03 00:40:00, False,  True,       89
2024Sep03 00:40:10, False,  True,       89
2024Sep03 00:40:20, False,  True,       89
2024Sep03 00:40:30, False,  True,       89
2024Sep03 00:40:40, False,  True,       89
2024Sep03 00:41:00, False,  True,       88
2024Sep03 00:41:10,  True,  True,       88
2024Sep03 00:41:20,  True,  True,       88
2024Sep03 00:41:30,  True,  True,       88
2024Sep03 00:41:40, False,  True,       88
2024Sep03 00:41:50, False,  True,       88
2024Sep03 00:42:00, False,  True,       88
2024Sep03 00:42:20, False,  True,       88
2024Sep03 00:42:30, False,  True,       88
2024Sep03 00:42:40, False,  True,       88
2024Sep03 00:42:50, False,  True,       88
2024Sep03 00:43:00, False,  True,       88
2024Sep03 00:43:10, False,  True,       88
2024Sep03 00:43:20, False,  True,       88
2024Sep03 00:43:40, False,  True,       88
2024Sep03 00:43:50, False,  True,       88
2024Sep03 00:44:00, False,  True,       88
2024Sep03 00:44:10, False,  True,       88
2024Sep03 00:44:20, False,  True,       88
2024Sep03 00:44:30, False,  True,       88
2024Sep03 00:44:40, False,  True,       88
2024Sep03 00:45:00, False,  True,       87
2024Sep03 00:45:10, False,  True,       87
2024Sep03 00:45:20, False,  True,       87
2024Sep03 00:45:30, False,  True,       87
2024Sep03 00:45:40, False,  True,       87
2024Sep03 00:45:50, False,  True,       87
2024Sep03 00:46:00, False,  True,       87
2024Sep03 00:46:10,  True,  True,       87
2024Sep03 00:46:20,  True,  True,       87
2024Sep03 00:46:30,  True,  True,       87
2024Sep03 00:46:40, False,  True,       87
2024Sep03 00:46:50, False,  True,       87
2024Sep03 00:47:00, False,  True,       87
2024Sep03 00:47:20, False,  True,       87
2024Sep03 00:47:30, False,  True,       87
2024Sep03 00:47:40, False,  True,       87
2024Sep03 00:47:50, False,  True,       87
2024Sep03 00:48:00, False,  True,       86
2024Sep03 00:48:10, False,  True,       86
2024Sep03 00:48:20, False,  True,       86
2024Sep03 00:48:40, False,  True,       86
2024Sep03 00:48:50, False,  True,       86
2024Sep03 00:49:00, False,  True,       86
2024Sep03 00:49:10, False,  True,       86
2024Sep03 00:49:20, False,  True,       86
2024Sep03 00:49:30, False,  True,       86
2024Sep03 00:49:40, False,  True,       86
2024Sep03 00:50:00, False,  True,       86
2024Sep03 00:50:10, False,  True,       86
2024Sep03 00:50:20, False,  True,       86
2024Sep03 00:50:30, False,  True,       86
2024Sep03 00:50:40, False,  True,       86
2024Sep03 00:50:50, False,  True,       86
2024Sep03 00:51:00, False,  True,       85
2024Sep03 00:51:10,  True,  True,       85
2024Sep03 00:51:20,  True,  True,       85
2024Sep03 00:51:30,  True,  True,       85
2024Sep03 00:51:40, False,  True,       85
2024Sep03 00:51:50, False,  True,       85
2024Sep03 00:52:00, False,  True,       85
2024Sep03 00:52:10, False,  True,       85
2024Sep03 00:52:20, False,  True,       85
2024Sep03 00:52:40, False,  True,       85
2024Sep03 00:52:50, False,  True,       85
2024Sep03 00:53:00, False,  True,       85
2024Sep03 00:53:10, False,  True,       85
2024Sep03 00:53:20, False,  True,       85
2024Sep03 00:53:30, False,  True,       85
2024Sep03 00:53:40, False,  True,       85
2024Sep03 00:54:00, False,  True,       84
2024Sep03 00:54:10, False,  True,       84
2024Sep03 00:54:20, False,  True,       84
2024Sep03 00:54:30, False,  True,       84
2024Sep03 00:54:40, False,  True,       84
2024Sep03 00:54:50, False,  True,       84
2024Sep03 00:55:00, False,  True,       84
2024Sep03 00:55:20, False,  True,       84
2024Sep03 00:55:30, False,  True,       84
2024Sep03 00:55:40, False,  True,       84
2024Sep03 00:55:50, False,  True,       84
2024Sep03 00:56:00, False,  True,       83
2024Sep03 00:56:10,  True,  True,       83
2024Sep03 00:56:20,  True,  True,       83
2024Sep03 00:56:40, False,  True,       83
2024Sep03 00:56:50, False,  True,       83
2024Sep03 00:57:00, False,  True,       83
2024Sep03 00:57:10, False,  True,       83
2024Sep03 00:57:20, False,  True,       83
2024Sep03 00:57:30, False,  True,       83
2024Sep03 00:57:40, False,  True,       83
2024Sep03 00:57:50, False,  True,       83
2024Sep03 00:58:10, False,  True,       83
2024Sep03 00:58:20, False,  True,       83
2024Sep03 00:58:30, False,  True,       83
2024Sep03 00:58:40, False,  True,       83
2024Sep03 00:58:50, False,  True,       83
2024Sep03 00:59:00, False,  True,       82
2024Sep03 00:59:10, False,  True,       82
2024Sep03 00:59:30, False,  True,       82
2024Sep03 00:59:40, False,  True,       82
2024Sep03 00:59:50, False,  True,       82
2024Sep03 01:00:00, False,  True,       82
2024Sep03 01:00:10, False,  True,       82
2024Sep03 01:00:20, False,  True,       82
2024Sep03 01:00:30, False,  True,       82
2024Sep03 01:00:40, False,  True,       82
2024Sep03 01:01:00, False,  True,       81
2024Sep03 01:01:10,  True,  True,       81
2024Sep03 01:01:20,  True,  True,       81
2024Sep03 01:01:30,  True,  True,       81
2024Sep03 01:01:40, False,  True,       81
2024Sep03 01:01:50, False,  True,       81
2024Sep03 01:02:00, False,  True,       81
2024Sep03 01:02:20, False,  True,       81
2024Sep03 01:02:30, False,  True,       81
2024Sep03 01:02:40, False,  True,       81
2024Sep03 01:02:50, False,  True,       81
2024Sep03 01:03:00, False,  True,       81
2024Sep03 01:03:10, False,  True,       81
2024Sep03 01:03:20, False,  True,       81
2024Sep03 01:03:40, False,  True,       81
2024Sep03 01:03:50, False,  True,       81
2024Sep03 01:04:00, False,  True,       80
2024Sep03 01:04:10, False,  True,       80
2024Sep03 01:04:20, False,  True,       80
2024Sep03 01:04:30, False,  True,       80
2024Sep03 01:04:40, False,  True,       80
2024Sep03 01:04:50, False,  True,       80
2024Sep03 01:05:00, False,  True,       80
2024Sep03 01:05:10, False,  True,       80
2024Sep03 01:05:20, False,  True,       80
2024Sep03 01:05:30, False,  True,       80
2024Sep03 01:05:40, False,  True,       80
2024Sep03 01:06:00, False,  True,       79
2024Sep03 01:06:10,  True,  True,       79
2024Sep03 01:06:20,  True,  True,       79
2024Sep03 01:06:30,  True,  True,       79
2024Sep03 01:06:40, False,  True,       79
2024Sep03 01:06:50, False,  True,       79
2024Sep03 01:07:00, False,  True,       79
2024Sep03 01:07:20, False,  True,       79
2024Sep03 01:07:30, False,  True,       79
2024Sep03 01:07:40, False,  True,       79
2024Sep03 01:07:50, False,  True,       79
2024Sep03 01:08:00, False,  True,       78
2024Sep03 01:08:10, False,  True,       78
2024Sep03 01:08:20, False,  True,       78
2024Sep03 01:08:30, False,  True,       78
2024Sep03 01:08:50, False,  True,       78
2024Sep03 01:09:00, False,  True,       78
2024Sep03 01:09:10, False,  True,       78
2024Sep03 01:09:20, False,  True,       78
2024Sep03 01:09:30, False,  True,       78
2024Sep03 01:09:40, False,  True,       78
2024Sep03 01:09:50, False,  True,       78
2024Sep03 01:10:00, False,  True,       77
2024Sep03 01:10:10, False,  True,       77
2024Sep03 01:10:20, False,  True,       77
2024Sep03 01:10:30, False,  True,       77
2024Sep03 01:10:40, False,  True,       77
2024Sep03 01:10:50, False,  True,       77
2024Sep03 01:11:00, False,  True,       77
2024Sep03 01:11:10,  True,  True,       77
2024Sep03 01:11:20,  True,  True,       77
2024Sep03 01:11:40, False,  True,       77
2024Sep03 01:11:50, False,  True,       77
2024Sep03 01:12:00, False,  True,       76
2024Sep03 01:12:10, False,  True,       76
2024Sep03 01:12:20, False,  True,       76
2024Sep03 01:12:30, False,  True,       76
2024Sep03 01:12:40, False,  True,       76
2024Sep03 01:13:00, False,  True,       76
2024Sep03 01:13:10, False,  True,       76
2024Sep03 01:13:20, False,  True,       76
2024Sep03 01:13:30, False,  True,       76
2024Sep03 01:13:40, False,  True,       76
2024Sep03 01:13:50, False,  True,       76
2024Sep03 01:14:00, False,  True,       75
2024Sep03 01:14:20, False,  True,       75
2024Sep03 01:14:30, False,  True,       75
2024Sep03 01:14:40, False,  True,       75
2024Sep03 01:14:50, False,  True,       75
2024Sep03 01:15:00, False,  True,       75
2024Sep03 01:15:10, False,  True,       75
2024Sep03 01:15:20, False,  True,       75
2024Sep03 01:15:40, False,  True,       75
2024Sep03 01:15:50, False,  True,       75
2024Sep03 01:16:00, False,  True,       74
2024Sep03 01:16:10,  True,  True,       74
2024Sep03 01:16:20,  True,  True,       74
2024Sep03 01:16:30,  True,  True,       74
2024Sep03 01:16:40, False,  True,       74
2024Sep03 01:17:00, False,  True,       74
2024Sep03 01:17:10, False,  True,       74
2024Sep03 01:17:20, False,  True,       74
2024Sep03 01:17:30, False,  True,       74
2024Sep03 01:17:40, False,  True,       74
2024Sep03 01:17:50, False,  True,       74
2024Sep03 01:18:00, False,  True,       73
2024Sep03 01:18:20, False,  True,       73
2024Sep03 01:18:30, False,  True,       73
2024Sep03 01:18:40, False,  True,       73
2024Sep03 01:18:50, False,  True,       73
2024Sep03 01:19:00, False,  True,       73
2024Sep03 01:19:10, False,  True,       73
2024Sep03 01:19:20, False,  True,       73
2024Sep03 01:19:30, False,  True,       73
2024Sep03 01:19:40, False,  True,       73
2024Sep03 01:19:50, False,  True,       73
2024Sep03 01:20:00, False,  True,       72
2024Sep03 01:20:10, False,  True,       72
2024Sep03 01:20:20, False,  True,       72
2024Sep03 01:20:40, False,  True,       72
2024Sep03 01:20:50, False,  True,       72
2024Sep03 01:21:00, False,  True,       72
2024Sep03 01:21:10,  True,  True,       72
2024Sep03 01:21:20,  True,  True,       72
2024Sep03 01:21:30,  True,  True,       72
2024Sep03 01:21:40, False,  True,       72
2024Sep03 01:21:50, False,  True,       72
2024Sep03 01:22:00, False,  True,       71
2024Sep03 01:22:10, False,  True,       71
2024Sep03 01:22:20, False,  True,       71
2024Sep03 01:22:30, False,  True,       71
2024Sep03 01:22:40, False,  True,       71
2024Sep03 01:22:50, False,  True,       71
2024Sep03 01:23:00, False,  True,       71
2024Sep03 01:23:20, False,  True,       71
2024Sep03 01:23:30, False,  True,       71
2024Sep03 01:23:40, False,  True,       71
2024Sep03 01:23:50, False,  True,       71
2024Sep03 01:24:00, False,  True,       70
2024Sep03 01:24:10, False,  True,       70
2024Sep03 01:24:20, False,  True,       70
2024Sep03 01:24:40, False,  True,       70
2024Sep03 01:24:50, False,  True,       70
2024Sep03 01:25:00, False,  True,       70
2024Sep03 01:25:10, False,  True,       70
2024Sep03 01:25:20, False,  True,       70
2024Sep03 01:25:30, False,  True,       70
2024Sep03 01:25:50, False,  True,       70
2024Sep03 01:26:00, False,  True,       69
2024Sep03 01:26:10,  True,  True,       69
2024Sep03 01:26:20,  True,  True,       69
2024Sep03 01:26:30,  True,  True,       69
2024Sep03 01:26:40, False,  True,       69
2024Sep03 01:26:50, False,  True,       69
2024Sep03 01:27:10, False,  True,       68
2024Sep03 01:27:20, False,  True,       68
2024Sep03 01:27:30, False,  True,       68
2024Sep03 01:27:40, False,  True,       68
2024Sep03 01:27:50, False,  True,       68
2024Sep03 01:28:10, False,  True,       68
2024Sep03 01:28:20, False,  True,       68
2024Sep03 01:28:30, False,  True,       68
2024Sep03 01:28:40, False,  True,       68
2024Sep03 01:28:50, False,  True,       68
2024Sep03 01:29:00, False,  True,       67
2024Sep03 01:29:10, False,  True,       67
2024Sep03 01:29:30, False,  True,       67
2024Sep03 01:29:40, False,  True,       67
2024Sep03 01:29:50, False,  True,       67
2024Sep03 01:30:00, False,  True,       67
2024Sep03 01:30:10, False,  True,       67
2024Sep03 01:30:20, False,  True,       67
2024Sep03 01:30:30, False,  True,       67
2024Sep03 01:30:50, False,  True,       67
2024Sep03 01:31:00, False,  True,       66
2024Sep03 01:31:10,  True,  True,       66
2024Sep03 01:31:20,  True,  True,       66
2024Sep03 01:31:30,  True,  True,       66
2024Sep03 01:31:40, False,  True,       66
2024Sep03 01:31:50, False,  True,       66
2024Sep03 01:32:10, False,  True,       65
2024Sep03 01:32:20, False,  True,       65
2024Sep03 01:32:30, False,  True,       65
2024Sep03 01:32:40, False,  True,       65
2024Sep03 01:32:50, False,  True,       65
2024Sep03 01:33:00, False,  True,       65
2024Sep03 01:33:10, False,  True,       65
2024Sep03 01:33:20, False,  True,       65
2024Sep03 01:33:30, False,  True,       65
2024Sep03 01:33:40, False,  True,       65
2024Sep03 01:33:50, False,  True,       65
2024Sep03 01:34:00, False,  True,       64
2024Sep03 01:34:10, False,  True,       64
2024Sep03 01:34:20, False,  True,       64
2024Sep03 01:34:30, False,  True,       64
2024Sep03 01:34:40, False,  True,       64
2024Sep03 01:35:00, False,  True,       64
2024Sep03 01:35:10, False,  True,       64
2024Sep03 01:35:20, False,  True,       64
2024Sep03 01:35:30, False,  True,       64
2024Sep03 01:35:40, False,  True,       64
2024Sep03 01:35:50, False,  True,       64
2024Sep03 01:36:00, False,  True,       63
2024Sep03 01:36:20,  True,  True,       63
2024Sep03 01:36:30,  True,  True,       63
2024Sep03 01:36:40, False,  True,       63
2024Sep03 01:36:50, False,  True,       63
2024Sep03 01:37:00, False,  True,       62
2024Sep03 01:37:10, False,  True,       62
2024Sep03 01:37:20, False,  True,       62
2024Sep03 01:37:40, False,  True,       62
2024Sep03 01:37:50, False,  True,       62
2024Sep03 01:38:00, False,  True,       62
2024Sep03 01:38:10, False,  True,       62
2024Sep03 01:38:20, False,  True,       62
2024Sep03 01:38:30, False,  True,       62
2024Sep03 01:38:40, False,  True,       62
2024Sep03 01:39:00, False,  True,       61
2024Sep03 01:39:10, False,  True,       61
2024Sep03 01:39:20, False,  True,       61
2024Sep03 01:39:30, False,  True,       61
2024Sep03 01:39:40, False,  True,       61
2024Sep03 01:39:50, False,  True,       61
2024Sep03 01:40:00, False,  True,       61
2024Sep03 01:40:10, False,  True,       61
2024Sep03 01:40:20, False,  True,       61
2024Sep03 01:40:30, False,  True,       61
2024Sep03 01:40:40, False,  True,       61
2024Sep03 01:40:50, False,  True,       61
2024Sep03 01:41:00, False,  True,       60
2024Sep03 01:41:10,  True,  True,       60
2024Sep03 01:41:20,  True,  True,       60
2024Sep03 01:41:30,  True,  True,       60
2024Sep03 01:41:50, False,  True,       60
2024Sep03 01:42:00, False,  True,       59
2024Sep03 01:42:10, False,  True,       59
2024Sep03 01:42:20, False,  True,       59
2024Sep03 01:42:30, False,  True,       59
2024Sep03 01:42:40, False,  True,       59
2024Sep03 01:43:00, False,  True,       59
2024Sep03 01:43:10, False,  True,       59
2024Sep03 01:43:20, False,  True,       59
2024Sep03 01:43:30, False,  True,       59
2024Sep03 01:43:40, False,  True,       59
2024Sep03 01:43:50, False,  True,       59
2024Sep03 01:44:00, False,  True,       58
2024Sep03 01:44:20, False,  True,       58
2024Sep03 01:44:30, False,  True,       58
2024Sep03 01:44:40, False,  True,       58
2024Sep03 01:44:50, False,  True,       58
2024Sep03 01:45:00, False,  True,       57
2024Sep03 01:45:10, False,  True,       57
2024Sep03 01:45:20, False,  True,       57
2024Sep03 01:45:30, False,  True,       57
2024Sep03 01:45:50, False,  True,       57
2024Sep03 01:46:00, False,  True,       57
2024Sep03 01:46:10,  True,  True,       57
2024Sep03 01:46:20,  True,  True,       57
2024Sep03 01:46:30,  True,  True,       57
2024Sep03 01:46:40, False,  True,       57
2024Sep03 01:46:50, False,  True,       57
2024Sep03 01:47:10, False,  True,       56
2024Sep03 01:47:20, False,  True,       56
2024Sep03 01:47:30, False,  True,       56
2024Sep03 01:47:40, False,  True,       56
2024Sep03 01:47:50, False,  True,       56
2024Sep03 01:48:00, False,  True,       55
2024Sep03 01:48:10, False,  True,       55
2024Sep03 01:48:20, False,  True,       55
2024Sep03 01:48:40, False,  True,       55
2024Sep03 01:48:50, False,  True,       55
2024Sep03 01:49:00, False,  True,       55
2024Sep03 01:49:10, False,  True,       55
2024Sep03 01:49:20, False,  True,       55
2024Sep03 01:49:30, False,  True,       55
2024Sep03 01:49:40, False,  True,       55
2024Sep03 01:50:00, False,  True,       54
2024Sep03 01:50:10, False,  True,       54
2024Sep03 01:50:20, False,  True,       54
2024Sep03 01:50:30, False,  True,       54
2024Sep03 01:50:40, False,  True,       54
2024Sep03 01:50:50, False,  True,       54
2024Sep03 01:51:10,  True,  True,       53
2024Sep03 01:51:20,  True,  True,       53
2024Sep03 01:51:30,  True,  True,       53
2024Sep03 01:51:40, False,  True,       53
2024Sep03 01:51:50, False,  True,       53
2024Sep03 01:52:00, False,  True,       53
2024Sep03 01:52:10, False,  True,       53
2024Sep03 01:52:30, False,  True,       53
2024Sep03 01:52:40, False,  True,       53
2024Sep03 01:52:50, False,  True,       53
2024Sep03 01:53:00, False,  True,       52
2024Sep03 01:53:10, False,  True,       52
2024Sep03 01:53:20, False,  True,       52
2024Sep03 01:53:30, False,  True,       52
2024Sep03 01:53:40, False,  True,       52
2024Sep03 01:54:00, False,  True,       51
2024Sep03 01:54:10, False,  True,       51
2024Sep03 01:54:20, False,  True,       51
2024Sep03 01:54:30, False,  True,       51
2024Sep03 01:54:40, False,  True,       51
2024Sep03 01:54:50, False,  True,       51
2024Sep03 01:55:10, False,  True,       51
2024Sep03 01:55:20, False,  True,       51
2024Sep03 01:55:30, False,  True,       51
2024Sep03 01:55:40, False,  True,       51
2024Sep03 01:55:50, False,  True,       51
2024Sep03 01:56:00, False,  True,       50
2024Sep03 01:56:20,  True,  True,       50
2024Sep03 01:56:30,  True,  True,       50
2024Sep03 01:56:40, False,  True,       50
2024Sep03 01:56:50, False,  True,       50
2024Sep03 01:57:00, False,  True,       49
2024Sep03 01:57:10, False,  True,       49
2024Sep03 01:57:20, False,  True,       49
2024Sep03 01:57:30, False,  True,       49
2024Sep03 01:57:50, False,  True,       49
2024Sep03 01:58:00, False,  True,       48
2024Sep03 01:58:10, False,  True,       48
2024Sep03 01:58:20, False,  True,       48
2024Sep03 01:58:30, False,  True,       48
2024Sep03 01:58:40, False,  True,       48
2024Sep03 01:58:50, False,  True,       48
2024Sep03 01:59:00, False,  True,       48
2024Sep03 01:59:10, False,  True,       48
2024Sep03 01:59:20, False,  True,       48
2024Sep03 01:59:30, False,  True,       48
2024Sep03 01:59:40, False,  True,       48
2024Sep03 01:59:50, False,  True,       48
2024Sep03 02:00:00, False,  True,       47
2024Sep03 02:00:10, False,  True,       47
2024Sep03 02:00:30, False,  True,       47
2024Sep03 02:00:40, False,  True,       47
2024Sep03 02:00:50, False,  True,       47
2024Sep03 02:01:00, False,  True,       46
2024Sep03 02:01:10,  True,  True,       46
2024Sep03 02:01:20,  True,  True,       46
2024Sep03 02:01:30,  True,  True,       46
2024Sep03 02:01:50, False,  True,       46
2024Sep03 02:02:00, False,  True,       46
2024Sep03 02:02:10, False,  True,       46
2024Sep03 02:02:20, False,  True,       46
2024Sep03 02:02:30, False,  True,       46
2024Sep03 02:02:40, False,  True,       46
2024Sep03 02:02:50, False,  True,       46
2024Sep03 02:03:00, False,  True,       45
2024Sep03 02:03:10, False,  True,       45
2024Sep03 02:03:20, False,  True,       45
2024Sep03 02:03:30, False,  True,       45
2024Sep03 02:03:40, False,  True,       45
2024Sep03 02:03:50, False,  True,       45
2024Sep03 02:04:00, False,  True,       44
2024Sep03 02:04:10, False,  True,       44
2024Sep03 02:04:20, False,  True,       44
2024Sep03 02:04:30, False,  True,       44
2024Sep03 02:04:40, False,  True,       44
2024Sep03 02:04:50, False,  True,       44
2024Sep03 02:05:00, False,  True,       43
2024Sep03 02:05:10, False,  True,       43
2024Sep03 02:05:20, False,  True,       43
2024Sep03 02:05:30, False,  True,       43
2024Sep03 02:05:40, False,  True,       43
2024Sep03 02:06:00, False,  True,       43
2024Sep03 02:06:10,  True,  True,       43
2024Sep03 02:06:20,  True,  True,       43
2024Sep03 02:06:30,  True,  True,       43
2024Sep03 02:06:40, False,  True,       43
2024Sep03 02:07:10, False,  True,       42
2024Sep03 02:07:20, False,  True,       42
2024Sep03 02:07:30, False,  True,       42
2024Sep03 02:07:40, False,  True,       42
2024Sep03 02:07:50, False,  True,       42
2024Sep03 02:08:00, False,  True,       41
2024Sep03 02:08:10, False,  True,       41
2024Sep03 02:08:30, False,  True,       41
2024Sep03 02:08:40, False,  True,       41
2024Sep03 02:08:50, False,  True,       41
2024Sep03 02:09:00, False,  True,       40
2024Sep03 02:09:10, False,  True,       40
2024Sep03 02:09:20, False,  True,       40
2024Sep03 02:09:30, False,  True,       40
2024Sep03 02:09:50, False,  True,       40
2024Sep03 02:10:00, False,  True,       40
2024Sep03 02:10:10, False,  True,       40
2024Sep03 02:10:20, False,  True,       40
2024Sep03 02:10:30, False,  True,       40
2024Sep03 02:10:40, False,  True,       40
2024Sep03 02:11:00, False,  True,       39
2024Sep03 02:11:10,  True,  True,       39
2024Sep03 02:11:20,  True,  True,       39
2024Sep03 02:11:30,  True,  True,       39
2024Sep03 02:11:40, False,  True,       39
2024Sep03 02:11:50, False,  True,       39
2024Sep03 02:12:00, False,  True,       38
2024Sep03 02:12:20, False,  True,       38
2024Sep03 02:12:30, False,  True,       38
2024Sep03 02:12:40, False,  True,       38
2024Sep03 02:12:50, False,  True,       38
2024Sep03 02:13:00, False,  True,       37
2024Sep03 02:13:10, False,  True,       37
2024Sep03 02:13:30, False,  True,       37
2024Sep03 02:13:40, False,  True,       37
2024Sep03 02:13:50, False,  True,       37
2024Sep03 02:14:00, False,  True,       37
2024Sep03 02:14:10, False,  True,       37
2024Sep03 02:14:20, False,  True,       37
2024Sep03 02:14:30, False,  True,       37
2024Sep03 02:14:40, False,  True,       37
2024Sep03 02:14:50, False,  True,       37
2024Sep03 02:15:00, False,  True,       36
2024Sep03 02:15:10, False,  True,       36
2024Sep03 02:15:20, False,  True,       36
2024Sep03 02:15:30, False,  True,       36
2024Sep03 02:15:40, False,  True,       36
2024Sep03 02:16:00, False,  True,       35
2024Sep03 02:16:10,  True,  True,       35
2024Sep03 02:16:20,  True,  True,       35
2024Sep03 02:16:30,  True,  True,       35
2024Sep03 02:16:40, False,  True,       35
2024Sep03 02:16:50, False,  True,       35
2024Sep03 02:17:00, False,  True,       34
2024Sep03 02:17:20, False,  True,       34
2024Sep03 02:17:30, False,  True,       34
2024Sep03 02:17:40, False,  True,       34
2024Sep03 02:17:50, False,  True,       34
2024Sep03 02:18:00, False,  True,       34
2024Sep03 02:18:10, False,  True,       34
2024Sep03 02:18:20, False,  True,       34
2024Sep03 02:18:30, False,  True,       34
2024Sep03 02:18:50, False,  True,       34
2024Sep03 02:19:00, False,  True,       33
2024Sep03 02:19:10, False,  True,       33
2024Sep03 02:19:20, False,  True,       33
2024Sep03 02:19:30, False,  True,       33
2024Sep03 02:19:40, False,  True,       33
2024Sep03 02:20:00, False,  True,       32
2024Sep03 02:20:10, False,  True,       32
2024Sep03 02:20:20, False,  True,       32
2024Sep03 02:20:30, False,  True,       32
2024Sep03 02:20:40, False,  True,       32
2024Sep03 02:20:50, False,  True,       32
2024Sep03 02:21:10,  True,  True,       31
2024Sep03 02:21:20,  True,  True,       31
2024Sep03 02:21:30,  True,  True,       31
2024Sep03 02:21:40, False,  True,       31
2024Sep03 02:21:50, False,  True,       31
2024Sep03 02:22:00, False,  True,       30
2024Sep03 02:22:10, False,  True,       30
2024Sep03 02:22:30, False,  True,       30
2024Sep03 02:22:40, False,  True,       30
2024Sep03 02:22:50, False,  True,       30
2024Sep03 02:23:00, False,  True,       30
2024Sep03 02:23:10, False,  True,       30
2024Sep03 02:23:20, False,  True,       30
2024Sep03 02:23:30, False,  True,       30
2024Sep03 02:23:40, False,  True,       30
2024Sep03 02:24:00, False,  True,       29
2024Sep03 02:24:10, False,  True,       29
2024Sep03 02:24:20, False,  True,       29
2024Sep03 02:24:30, False,  True,       29
2024Sep03 02:24:40, False,  True,       29
2024Sep03 02:24:50, False,  True,       29
2024Sep03 02:25:00, False,  True,       28
2024Sep03 02:25:20, False,  True,       28
2024Sep03 02:25:30, False,  True,       28
2024Sep03 02:25:40, False,  True,       28
2024Sep03 02:25:50, False,  True,       28
2024Sep03 02:26:00, False,  True,       27
2024Sep03 02:26:20,  True,  True,       27
2024Sep03 02:26:30,  True,  True,       27
2024Sep03 02:26:40, False,  True,       27
2024Sep03 02:26:50, False,  True,       27
2024Sep03 02:27:00, False,  True,       26
2024Sep03 02:27:10, False,  True,       26
2024Sep03 02:27:20, False,  True,       26
2024Sep03 02:27:30, False,  True,       26
2024Sep03 02:27:40, False,  True,       26
2024Sep03 02:27:50, False,  True,       26
2024Sep03 02:28:00, False,  True,       26
2024Sep03 02:28:10, False,  True,       26
2024Sep03 02:28:20, False,  True,       26
2024Sep03 02:28:30, False,  True,       26
2024Sep03 02:28:40, False,  True,       26
2024Sep03 02:28:50, False,  True,       26
2024Sep03 02:29:10, False,  True,       25
2024Sep03 02:29:20, False,  True,       25
2024Sep03 02:29:30, False,  True,       25
2024Sep03 02:29:40, False,  True,       25
2024Sep03 02:29:50, False,  True,       25
2024Sep03 02:30:00, False,  True,       24
2024Sep03 02:30:10, False,  True,       24
2024Sep03 02:30:20, False,  True,       24
2024Sep03 02:30:40, False,  True,       24
2024Sep03 02:30:50, False,  True,       24
2024Sep03 02:31:00, False,  True,       23
2024Sep03 02:31:10,  True,  True,       23
2024Sep03 02:31:20,  True,  True,       23
2024Sep03 02:31:30,  True,  True,       23
2024Sep03 02:31:40, False,  True,       23
2024Sep03 02:32:00, False,  True,       22
2024Sep03 02:32:10, False,  True,       22
2024Sep03 02:32:20, False,  True,       22
2024Sep03 02:32:30, False,  True,       22
2024Sep03 02:32:40, False,  True,       22
2024Sep03 02:32:50, False,  True,       22
2024Sep03 02:33:00, False,  True,       22
2024Sep03 02:33:20, False,  True,       22
2024Sep03 02:33:30, False,  True,       22
2024Sep03 02:33:40, False,  True,       22
2024Sep03 02:33:50, False,  True,       22
2024Sep03 02:34:00, False,  True,       21
2024Sep03 02:34:10, False,  True,       21
2024Sep03 02:34:20, False,  True,       21
2024Sep03 02:34:30, False,  True,       21
2024Sep03 02:34:50, False,  True,       21
2024Sep03 02:35:00, False,  True,       20
2024Sep03 02:35:10, False,  True,       20
2024Sep03 02:35:20, False,  True,       20
2024Sep03 02:35:30, False,  True,       20
2024Sep03 02:35:40, False,  True,       20
2024Sep03 02:35:50, False,  True,       20
2024Sep03 02:36:10,  True,  True,       19
2024Sep03 02:36:20,  True,  True,       19
2024Sep03 02:36:30,  True,  True,       19
2024Sep03 02:36:40, False,  True,       19
2024Sep03 02:36:50, False,  True,       19
2024Sep03 02:37:00, False,  True,       18
2024Sep03 02:37:10, False,  True,       18
2024Sep03 02:37:30, False,  True,       18
2024Sep03 02:37:40, False,  True,       18
2024Sep03 02:37:50, False,  True,       18
2024Sep03 02:38:00, False,  True,       18
2024Sep03 02:38:10, False,  True,       18
2024Sep03 02:38:20, False,  True,       18
2024Sep03 02:38:30, False,  True,       18
2024Sep03 02:38:50, False,  True,       18
2024Sep03 02:39:00, False,  True,       17
2024Sep03 02:39:10, False,  True,       17
2024Sep03 02:39:20, False,  True,       17
2024Sep03 02:39:30, False,  True,       17
2024Sep03 02:39:40, False,  True,       17
2024Sep03 02:39:50, False,  True,       17
2024Sep03 02:40:10, False,  True,       16
2024Sep03 02:40:20, False,  True,       16
2024Sep03 02:40:30, False,  True,       16
2024Sep03 02:40:40, False,  True,       16
2024Sep03 02:40:50, False,  True,       16
2024Sep03 02:41:00, False,  True,       15
2024Sep03 02:41:10, False,  True,       15
2024Sep03 02:41:30, False,  True,       15
2024Sep03 02:41:40, False,  True,       15
2024Sep03 02:41:50, False,  True,       15
2024Sep03 02:42:00, False,  True,       14
2024Sep03 02:42:10, False,  True,       14
2024Sep03 02:42:20, False,  True,       14
2024Sep03 02:42:30, False,  True,       14
2024Sep03 02:42:50, False,  True,       14
2024Sep03 02:43:00, False,  True,       14
2024Sep03 02:43:10, False,  True,       14
2024Sep03 02:43:20, False,  True,       14
2024Sep03 02:43:30, False,  True,       14
2024Sep03 02:43:40, False,  True,       14
2024Sep03 02:43:50, False,  True,       14
2024Sep03 02:44:10, False,  True,       13
2024Sep03 02:44:20, False,  True,       13
2024Sep03 02:44:30, False,  True,       13
2024Sep03 02:44:40, False,  True,       13
2024Sep03 02:44:50, False,  True,       13
2024Sep03 02:45:00, False,  True,       12
2024Sep03 02:45:10, False,  True,       12
2024Sep03 02:45:30, False,  True,       12
2024Sep03 02:45:40, False,  True,       12
2024Sep03 02:45:50, False,  True,       12
2024Sep03 02:46:00, False,  True,       11
2024Sep03 02:46:10, False,  True,       11
2024Sep03 02:46:20, False,  True,       11
2024Sep03 02:46:40, False,  True,       11
2024Sep03 02:46:50, False,  True,       11
2024Sep03 02:47:00, False,  True,       10
2024Sep03 02:47:10, False,  True,       10
2024Sep03 02:47:20, False,  True,       10
2024Sep03 02:47:30, False,  True,       10
2024Sep03 02:47:40, False,  True,       10
2024Sep03 02:48:00, False,  True,        9
2024Sep03 02:48:10, False,  True,        9
2024Sep03 02:48:20, False,  True,        9
2024Sep03 02:48:30, False,  True,        9
2024Sep03 02:48:40, False,  True,        9
2024Sep03 02:48:50, False,  True,        9
2024Sep03 02:49:00, False,  True,        9
2024Sep03 02:49:20, False,  True,        9
2024Sep03 02:49:30, False,  True,        9
2024Sep03 02:49:40, False,  True,        9
2024Sep03 02:49:50, False,  True,        9
2024Sep03 02:50:00, False,  True,        8
2024Sep03 02:50:10, False,  True,        8
2024Sep03 02:50:20, False,  True,        8
2024Sep03 02:50:40, False,  True,        8
2024Sep03 02:50:50, False,  True,        8
2024Sep03 02:51:00, False,  True,        7
2024Sep03 02:51:10, False,  True,        7
2024Sep03 02:51:20, False,  True,        7
2024Sep03 02:51:30, False,  True,        7
2024Sep03 02:51:40, False,  True,        7
2024Sep03 02:52:00, False,  True,        6
2024Sep03 02:52:10, False,  True,        6
2024Sep03 02:52:20, False,  True,        6
2024Sep03 02:52:30, False,  True,        6
2024Sep03 02:52:40, False,  True,        6
2024Sep03 02:52:50, False,  True,        6
2024Sep03 02:53:10, False,  True,        5
2024Sep03 02:53:20, False,  True,        5
2024Sep03 02:53:30, False,  True,        5
2024Sep03 02:53:40, False,  True,        5
2024Sep03 02:53:50, False,  True,        5
2024Sep03 02:54:00, False,  True,        4
2024Sep03 02:54:10, False,  True,        4
2024Sep03 02:54:20, False,  True,        4
2024Sep03 02:54:40, False,  True,        4
2024Sep03 02:54:50, False,  True,        4
2024Sep03 02:55:00, False,  True,        4
2024Sep03 02:55:10, False,  True,        4
2024Sep03 02:55:20, False,  True,        4
2024Sep03 02:55:30, False,  True,        4
2024Sep03 02:55:40, False,  True,        4
2024Sep03 02:56:00, False,  True,        3
2024Sep03 02:56:10, False,  True,        3
2024Sep03 02:56:20, False,  True,        3
2024Sep03 02:56:30, False,  True,        3
2024Sep03 02:56:40, False,  True,        3
2024Sep03 02:56:50, False,  True,        3
2024Sep03 02:57:00, False,  True,        2
2024Sep03 02:57:10, False,  True,        2
2024Sep03 02:57:30, False,  True,        2
2024Sep03 02:57:40, False,  True,        2
2024Sep03 02:57:50, False,  True,        2
2024Sep03 02:58:00, False,  True,        1
2024Sep03 02:58:10, False,  True,        1
2024Sep03 02:58:20, False,  True,        1
2024Sep03 02:58:30, False,  True,        1
2024Sep03 02:58:50, False,  True,        1
2024Sep03 02:59:00, False,  True,        0
2024Sep03 02:59:10, False,  True,        0
2024Sep03 02:59:20, False,  True,        0
2024Sep03 02:59:30, False,  True,        0
2024Sep03 02:59:40, False,  True,        0
2024Sep03 02:59:50, False,  True,        0
2024Sep03 03:00:10, False,  True,        0
2024Sep03 03:00:20, False,  True,        0
2024Sep03 03:00:30, False,  True,        0
2024Sep03 03:00:40, False,  True,        0
2024Sep03 03:00:50, False,  True,        0
2024Sep03 03:01:00, False, False,        0
2024Sep03 03:01:10, False, False,        0
2024Sep03 03:01:30, False, False,        0
2024Sep03 03:01:40, False, False,        0
2024Sep03 03:01:50, False, False,        0
2024Sep03 03:02:00, False, False,        0
2024Sep03 03:02:10, False, False,        0
2024Sep03 03:02:20, False, False,        0
2024Sep03 03:02:30, False, False,        0
2024Sep03 03:02:50, False, False,        0
2024Sep03 03:03:00, False, False,        0
2024Sep03 03:03:10, False, False,        0
2024Sep03 03:03:20, False, False,        0
2024Sep03 03:03:30, False, False,        0
2024Sep03 03:03:40, False, False,        0
2024Sep03 03:03:50, False, False,        0
2024Sep03 03:04:00, False, False,        0
2024Sep03 03:04:10, False, False,        0
2024Sep03 03:04:20, False, False,        0
2024Sep03 03:04:30, False, False,        0
2024Sep03 03:04:40, False, False,        0
2024Sep03 03:04:50, False, False,        0
2024Sep03 03:05:00, False, False,        0
2024Sep03 03:05:10, False, False,        0
2024Sep03 03:05:20, False, False,        0
2024Sep03 03:05:50, False, False,        0
2024Sep03 03:06:00, False, False,        0
2024Sep03 03:06:10, False, False,        0
2024Sep03 03:06:20, False, False,        0
2024Sep03 03:06:30, False, False,        0
2024Sep03 03:06:40, False, False,        0
2024Sep03 03:06:50, False, False,        0
2024Sep03 03:07:10, False, False,        0
2024Sep03 03:07:20, False, False,        0
2024Sep03 03:07:30, False, False,        0
2024Sep03 03:07:40, False, False,        0
2024Sep03 03:07:50, False, False,        0
2024Sep03 03:08:00, False, False,        0
2024Sep03 03:08:10, False, False,        0
2024Sep03 03:08:30, False, False,        0
2024Sep03 03:08:40, False, False,        0
2024Sep03 03:08:50, False, False,        0
2024Sep03 03:09:00, False, False,        0
2024Sep03 03:09:10, False, False,        0
2024Sep03 03:09:20, False, False,        0
2024Sep03 03:09:30, False, False,        0
2024Sep03 03:09:50, False, False,        0
2024Sep03 03:10:00, False, False,        0
2024Sep03 03:10:10, False, False,        0
2024Sep03 03:10:20, False, False,        0
2024Sep03 03:10:30, False, False,        0
2024Sep03 03:10:40, False, False,        0
2024Sep03 03:10:50, False, False,        0
2024Sep03 03:11:10, False, False,        0
2024Sep03 03:11:20, False, False,        0
2024Sep03 03:11:30, False, False,        0
2024Sep03 03:11:40, False, False,        0
2024Sep03 03:11:50, False, False,        0
2024Sep03 03:12:00, False, False,        0
2024Sep03 03:12:10, False, False,        0
2024Sep03 03:12:20, False, False,        0
2024Sep03 03:12:40, False, False,        0
2024Sep03 03:12:50, False, False,        0
2024Sep03 03:13:00, False, False,        0
2024Sep03 03:13:10, False, False,        0
2024Sep03 03:13:20, False, False,        0
2024Sep03 03:13:30, False, False,        0
2024Sep03 03:13:40, False, False,        0
2024Sep03 03:14:00, False, False,        0
2024Sep03 03:14:10, False, False,        0
2024Sep03 03:14:20, False, False,        0
2024Sep03 03:14:30, False, False,        0
2024Sep03 03:14:40, False, False,        0
2024Sep03 03:14:50, False, False,        0
2024Sep03 03:15:00, False, False,        0
2024Sep03 03:15:10, False, False,        0
2024Sep03 03:15:30, False, False,        0
2024Sep03 03:15:40, False, False,        0
2024Sep03 03:15:50, False, False,        0
2024Sep03 03:16:00, False, False,        0
2024Sep03 03:16:10, False, False,        0
2024Sep03 03:16:20, False, False,        0
2024Sep03 03:16:30, False, False,        0
2024Sep03 03:16:50, False, False,        0
2024Sep03 03:17:00, False, False,        0
2024Sep03 03:17:10, False, False,        0
2024Sep03 03:17:20, False, False,        0
2024Sep03 03:17:30, False, False,        0
2024Sep03 03:17:41, False, False,        0
2024Sep03 03:17:50, False, False,        0
2024Sep03 03:18:00, False, False,        0
2024Sep03 03:18:10, False, False,        0
2024Sep03 03:18:20, False, False,        0
2024Sep03 03:18:30, False, False,        0
2024Sep03 03:18:40, False, False,        0
2024Sep03 03:18:50, False, False,        0
2024Sep03 03:19:00, False, False,        0
2024Sep03 03:19:20, False, False,        0
2024Sep03 03:19:30, False, False,        0
2024Sep03 03:19:40, False, False,        0
2024Sep03 03:19:50, False, False,        0
2024Sep03 03:20:00, False, False,        0
2024Sep03 03:20:10, False, False,        0
2024Sep03 03:20:20, False, False,        0
2024Sep03 03:20:40, False, False,        0
2024Sep03 03:20:50, False, False,        0
2024Sep03 03:21:00, False, False,        0
2024Sep03 03:21:10, False, False,        0
2024Sep03 03:21:20, False, False,        0
2024Sep03 03:21:30, False, False,        0
2024Sep03 03:21:40, False, False,        0
2024Sep03 03:22:00, False, False,        0
2024Sep03 03:22:10, False, False,        0
2024Sep03 03:22:20, False, False,        0
2024Sep03 03:22:30, False, False,        0
2024Sep03 03:22:40, False, False,        0
2024Sep03 03:22:50, False, False,        0
2024Sep03 03:23:00, False, False,        0
2024Sep03 03:23:20, False, False,        0
2024Sep03 03:23:30, False, False,        0
2024Sep03 03:23:40, False, False,        0
2024Sep03 03:23:50, False, False,        0
2024Sep03 03:24:00, False, False,        0
2024Sep03 03:24:10, False, False,        0
2024Sep03 03:24:20, False, False,        0
2024Sep03 03:24:40, False, False,        0
2024Sep03 03:24:50, False, False,        0
2024Sep03 03:25:00, False, False,        0
2024Sep03 03:25:10, False, False,        0
2024Sep03 03:25:20, False, False,        0
2024Sep03 03:25:30, False, False,        0
2024Sep03 03:25:40, False, False,        0
2024Sep03 03:25:50, False, False,        0
2024Sep03 03:26:00, False, False,        0
2024Sep03 03:26:10, False, False,        0
2024Sep03 03:26:20, False, False,        0
2024Sep03 03:26:30, False, False,        0
2024Sep03 03:26:40, False, False,        0
2024Sep03 03:26:50, False, False,        0
2024Sep03 03:27:00, False, False,        0
2024Sep03 03:27:20, False, False,        0
2024Sep03 03:27:30, False, False,        0
2024Sep03 03:27:40, False, False,        0
2024Sep03 03:27:50, False, False,        0
2024Sep03 03:28:00, False, False,        0
2024Sep03 03:28:10, False, False,        0
2024Sep03 03:28:20, False, False,        0
2024Sep03 03:28:40, False, False,        0
2024Sep03 03:28:50, False, False,        0
2024Sep03 03:29:00, False, False,        0
2024Sep03 03:29:10, False, False,        0
2024Sep03 03:29:20, False, False,        0
2024Sep03 03:29:30, False, False,        0
2024Sep03 03:29:40, False, False,        0
2024Sep03 03:30:00, False, False,        0
2024Sep03 03:30:10, False, False,        0
2024Sep03 03:30:20, False, False,        0
2024Sep03 03:30:30, False, False,        0
2024Sep03 03:30:40, False, False,        0
2024Sep03 03:30:50, False, False,        0
2024Sep03 03:31:00, False, False,        0
2024Sep03 03:31:10, False, False,        0
2024Sep03 03:31:20, False, False,        0
2024Sep03 03:31:30, False, False,        0
2024Sep03 03:31:40, False, False,        0
2024Sep03 03:31:50, False, False,        0
2024Sep03 03:32:00, False, False,        0
2024Sep03 03:32:10, False, False,        0
2024Sep03 03:32:20, False, False,        0
2024Sep03 03:32:40, False, False,        0
2024Sep03 03:32:50, False, False,        0
2024Sep03 03:33:00, False, False,        0
2024Sep03 03:33:10, False, False,        0
2024Sep03 03:33:20, False, False,        0
2024Sep03 03:33:30, False, False,        0
2024Sep03 03:33:40, False, False,        0
2024Sep03 03:34:00, False, False,        0
2024Sep03 03:34:10, False, False,        0
2024Sep03 03:34:20, False, False,        0
2024Sep03 03:34:30, False, False,        0
2024Sep03 03:34:40, False, False,        0
2024Sep03 03:34:50, False, False,        0
2024Sep03 03:35:00, False, False,        0
2024Sep03 03:35:20, False, False,        0
2024Sep03 03:35:30, False, False,        0
2024Sep03 03:35:40, False, False,        0
2024Sep03 03:35:50, False, False,        0
2024Sep03 03:36:00, False, False,        0
2024Sep03 03:36:10, False, False,        0
2024Sep03 03:36:20, False, False,        0
2024Sep03 03:36:30, False, False,        0
2024Sep03 03:36:40, False, False,        0
2024Sep03 03:36:50, False, False,        0
2024Sep03 03:37:00, False, False,        0
2024Sep03 03:37:10, False, False,        0
2024Sep03 03:37:20, False, False,        0
2024Sep03 03:37:30, False, False,        0
2024Sep03 03:37:40, False, False,        0
2024Sep03 03:37:50, False, False,        0
2024Sep03 03:38:10, False, False,        0
2024Sep03 03:38:20, False, False,        0
2024Sep03 03:38:30, False, False,        0
2024Sep03 03:38:40, False, False,        0
2024Sep03 03:38:50, False, False,        0
2024Sep03 03:39:00, False, False,        0
2024Sep03 03:39:10, False, False,        0
2024Sep03 03:39:30, False, False,        0
2024Sep03 03:39:40, False, False,        0
2024Sep03 03:39:50, False, False,        0
2024Sep03 03:40:00, False, False,        0
2024Sep03 03:40:10, False, False,        0
2024Sep03 03:40:20, False, False,        0
2024Sep03 03:40:30, False, False,        0
2024Sep03 03:40:40, False, False,        0
2024Sep03 03:40:50, False, False,        0
2024Sep03 03:41:00, False, False,        0
2024Sep03 03:41:10, False, False,        0
2024Sep03 03:41:20, False, False,        0
2024Sep03 03:41:30, False, False,        0
2024Sep03 03:41:50, False, False,        0
2024Sep03 03:42:00, False, False,        0
2024Sep03 03:42:10, False, False,        0
2024Sep03 03:42:20, False, False,        0
2024Sep03 03:42:30, False, False,        0
2024Sep03 03:42:40, False, False,        0
2024Sep03 03:42:50, False, False,        0
2024Sep03 03:43:10, False, False,        0
2024Sep03 03:43:20, False, False,        0
2024Sep03 03:43:30, False, False,        0
2024Sep03 03:43:40, False, False,        0
2024Sep03 03:43:50, False, False,        0
2024Sep03 03:44:00, False, False,        0
2024Sep03 03:44:10, False, False,        0
2024Sep03 03:44:20, False, False,        0
2024Sep03 03:44:40, False, False,        0
2024Sep03 03:44:50, False, False,        0
2024Sep03 03:45:00, False, False,        0
2024Sep03 03:45:10, False, False,        0
2024Sep03 03:45:20, False, False,        0
2024Sep03 03:45:30, False, False,        0
2024Sep03 03:45:40, False, False,        0
2024Sep03 03:45:50, False, False,        0
2024Sep03 03:46:00, False, False,        0
2024Sep03 03:46:10, False, False,        0
2024Sep03 03:46:20, False, False,        0
2024Sep03 03:46:30, False, False,        0
2024Sep03 03:46:40, False, False,        0
2024Sep03 03:46:50, False, False,        0
2024Sep03 03:47:00, False, False,        0
2024Sep03 03:47:10, False, False,        0
2024Sep03 03:47:30, False, False,        0
2024Sep03 03:47:40, False, False,        0
2024Sep03 03:47:50, False, False,        0
2024Sep03 03:48:00, False, False,        0
2024Sep03 03:48:10, False, False,        0
2024Sep03 03:48:20, False, False,        0
2024Sep03 03:48:30, False, False,        0
2024Sep03 03:48:50, False, False,        0
2024Sep03 03:49:00, False, False,        0
2024Sep03 03:49:10, False, False,        0
2024Sep03 03:49:20, False, False,        0
2024Sep03 03:49:30, False, False,        0
2024Sep03 03:49:40, False, False,        0
2024Sep03 03:49:50, False, False,        0
2024Sep03 03:50:10, False, False,        0
2024Sep03 03:50:20, False, False,        0
2024Sep03 03:50:30, False, False,        0
2024Sep03 03:50:40, False, False,        0
2024Sep03 03:51:00, False, False,        0
2024Sep03 03:51:10, False, False,        0
2024Sep03 03:51:20, False, False,        0
2024Sep03 03:51:30, False, False,        0
2024Sep03 03:51:40, False, False,        0
2024Sep03 03:51:50, False, False,        0
2024Sep03 03:52:00, False, False,        0
2024Sep03 03:52:20, False, False,        0
2024Sep03 03:52:30, False, False,        0
2024Sep03 03:52:40, False, False,        0
2024Sep03 03:52:50, False, False,        0
2024Sep03 03:53:00, False, False,        0
2024Sep03 03:53:10, False, False,        0
2024Sep03 03:53:20, False, False,        0
2024Sep03 03:53:50, False, False,        0
2024Sep03 03:54:00, False, False,        0
2024Sep03 03:54:10, False, False,        0
2024Sep03 03:54:20, False, False,        0
2024Sep03 03:54:30, False, False,        0
2024Sep03 03:54:40, False, False,        0
2024Sep03 03:54:50, False, False,        0
2024Sep03 03:55:10, False, False,        0
2024Sep03 03:55:20, False, False,        0
2024Sep03 03:55:30, False, False,        0
2024Sep03 03:55:40, False, False,        0
2024Sep03 03:55:50, False, False,        0
2024Sep03 03:56:00, False, False,        0
2024Sep03 03:56:10, False, False,        0
2024Sep03 03:56:20, False, False,        0
2024Sep03 03:56:40, False, False,        0
2024Sep03 03:56:50, False, False,        0
2024Sep03 03:57:00, False, False,        0
2024Sep03 03:57:10, False, False,        0
2024Sep03 03:57:20, False, False,        0
2024Sep03 03:57:30, False, False,        0
2024Sep03 03:57:40, False, False,        0
2024Sep03 03:58:00, False, False,        0
2024Sep03 03:58:10, False, False,        0
2024Sep03 03:58:20, False, False,        0
2024Sep03 03:58:30, False, False,        0
2024Sep03 03:58:40, False, False,        0
2024Sep03 03:58:50, False, False,        0
2024Sep03 03:59:00, False, False,        0
2024Sep03 03:59:20, False, False,        0
2024Sep03 03:59:30, False, False,        0
2024Sep03 03:59:40, False, False,        0
2024Sep03 03:59:50, False, False,        0
2024Sep03 04:00:00, False, False,        0
2024Sep03 04:00:10, False, False,        0
2024Sep03 04:00:30, False, False,        0
2024Sep03 04:00:40, False, False,        0
2024Sep03 04:00:50, False, False,        0
2024Sep03 04:01:00, False, False,        0
2024Sep03 04:01:10, False, False,        0
2024Sep03 04:01:20, False, False,        0
2024Sep03 04:01:30, False, False,        0
2024Sep03 04:01:50, False, False,        0
2024Sep03 04:02:00, False, False,        0
2024Sep03 04:02:10, False, False,        0
2024Sep03 04:02:20, False, False,        0
2024Sep03 04:02:30, False, False,        0
2024Sep03 04:02:40, False, False,        0
2024Sep03 04:02:50, False, False,        0
2024Sep03 04:03:10, False, False,        0
2024Sep03 04:03:20, False, False,        0
2024Sep03 04:03:30, False, False,        0
2024Sep03 04:03:40, False, False,        0
2024Sep03 04:03:50, False, False,        0
2024Sep03 04:04:00, False, False,        0
2024Sep03 04:04:10, False, False,        0
2024Sep03 04:04:30, False, False,        0
2024Sep03 04:04:40, False, False,        0
2024Sep03 04:04:50, False, False,        0
2024Sep03 04:05:00, False, False,        0
2024Sep03 04:05:10, False, False,        0
2024Sep03 04:05:20, False, False,        0
2024Sep03 04:05:30, False, False,        0
2024Sep03 04:05:50, False, False,        0
2024Sep03 04:06:00, False, False,        0
2024Sep03 04:06:10, False, False,        0
2024Sep03 04:06:20, False, False,        0
2024Sep03 04:06:30, False, False,        0
2024Sep03 04:06:40, False, False,        0
2024Sep03 04:06:50, False, False,        0
2024Sep03 04:07:10, False, False,        0
2024Sep03 04:07:20, False, False,        0
2024Sep03 04:07:30, False, False,        0
2024Sep03 04:07:40, False, False,        0
2024Sep03 04:07:50, False, False,        0
2024Sep03 04:08:00, False, False,        0
2024Sep03 04:08:10, False, False,        0
2024Sep03 04:08:20, False, False,        0
2024Sep03 04:08:40, False, False,        0
2024Sep03 04:08:50, False, False,        0
2024Sep03 04:09:00, False, False,        0
2024Sep03 04:09:10, False, False,        0
2024Sep03 04:09:20, False, False,        0
2024Sep03 04:09:30, False, False,        0
2024Sep03 04:09:40, False, False,        0
2024Sep03 04:10:00, False, False,        0
2024Sep03 04:10:10, False, False,        0
2024Sep03 04:10:20, False, False,        0
2024Sep03 04:10:30, False, False,        0
2024Sep03 04:10:40, False, False,        0
2024Sep03 04:10:50, False, False,        0
2024Sep03 04:11:00, False, False,        0
2024Sep03 04:11:20, False, False,        0
2024Sep03 04:11:30, False, False,        0
2024Sep03 04:11:40, False, False,        0
2024Sep03 04:11:50, False, False,        0
2024Sep03 04:12:00, False, False,        0
2024Sep03 04:12:10, False, False,        0
2024Sep03 04:12:20, False, False,        0
2024Sep03 04:12:40, False, False,        0
2024Sep03 04:12:50, False, False,        0
2024Sep03 04:13:00, False, False,        0
2024Sep03 04:13:10, False, False,        0
2024Sep03 04:13:20, False, False,        0
2024Sep03 04:13:30, False, False,        0
2024Sep03 04:13:40, False, False,        0
2024Sep03 04:13:50, False, False,        0
2024Sep03 04:14:10, False, False,        0
2024Sep03 04:14:20, False, False,        0
2024Sep03 04:14:30, False, False,        0
2024Sep03 04:14:40, False, False,        0
2024Sep03 04:14:50, False, False,        0
2024Sep03 04:15:00, False, False,        0
2024Sep03 04:15:10, False, False,        0
2024Sep03 04:15:30, False, False,        0
2024Sep03 04:15:40, False, False,        0
2024Sep03 04:15:50, False, False,        0
2024Sep03 04:16:00, False, False,        0
2024Sep03 04:16:10, False, False,        0
2024Sep03 04:16:20, False, False,        0
2024Sep03 04:16:30, False, False,        0
2024Sep03 04:16:40, False, False,        0
2024Sep03 04:17:00, False, False,        0
2024Sep03 04:17:10, False, False,        0
2024Sep03 04:17:20, False, False,        0
2024Sep03 04:17:30, False, False,        0
2024Sep03 04:17:40, False, False,        0
2024Sep03 04:17:50, False, False,        0
2024Sep03 04:18:00, False, False,        0
2024Sep03 04:18:20, False, False,        0
2024Sep03 04:18:30, False, False,        0
2024Sep03 04:18:40, False, False,        0
2024Sep03 04:18:50, False, False,        0
2024Sep03 04:19:00, False, False,        0
2024Sep03 04:19:10, False, False,        0
2024Sep03 04:19:20, False, False,        0
2024Sep03 04:19:40, False, False,        0
2024Sep03 04:19:50, False, False,        0
2024Sep03 04:20:00, False, False,        0
2024Sep03 04:20:10, False, False,        0
2024Sep03 04:20:20, False, False,        0
2024Sep03 04:20:30, False, False,        0
2024Sep03 04:20:50, False, False,        0
2024Sep03 04:21:00, False, False,        0
2024Sep03 04:21:10, False, False,        0
2024Sep03 04:21:20, False, False,        0
2024Sep03 04:21:30, False, False,        0
2024Sep03 04:21:40, False, False,        0
2024Sep03 04:21:50, False, False,        0
2024Sep03 04:22:10, False, False,        0
2024Sep03 04:22:20, False, False,        0
2024Sep03 04:22:30, False, False,        0
2024Sep03 04:22:40, False, False,        0
2024Sep03 04:22:50, False, False,        0
2024Sep03 04:23:00, False, False,        0
2024Sep03 04:23:20, False, False,        0
2024Sep03 04:23:30, False, False,        0
2024Sep03 04:23:40, False, False,        0
2024Sep03 04:23:50, False, False,        0
2024Sep03 04:24:00, False, False,        0
2024Sep03 04:24:10, False, False,        0
2024Sep03 04:24:20, False, False,        0
2024Sep03 04:24:30, False, False,        0
2024Sep03 04:24:40, False, False,        0
2024Sep03 04:24:50, False, False,        0
2024Sep03 04:25:00, False, False,        0
2024Sep03 04:25:10, False, False,        0
2024Sep03 04:25:20, False, False,        0
2024Sep03 04:25:30, False, False,        0
2024Sep03 04:25:40, False, False,        0
2024Sep03 04:25:50, False, False,        0
2024Sep03 04:26:10, False, False,        0
2024Sep03 04:26:20, False, False,        0
2024Sep03 04:26:30, False, False,        0
2024Sep03 04:26:40, False, False,        0
2024Sep03 04:26:50, False, False,        0
2024Sep03 04:27:00, False, False,        0
2024Sep03 04:27:10, False, False,        0
2024Sep03 04:27:20, False, False,        0
2024Sep03 04:27:30, False, False,        0
2024Sep03 04:27:40, False, False,        0
2024Sep03 04:27:50, False, False,        0
2024Sep03 04:28:00, False, False,        0
2024Sep03 04:28:10, False, False,        0
2024Sep03 04:28:20, False, False,        0
2024Sep03 04:28:30, False, False,        0
2024Sep03 04:28:50, False, False,        0
2024Sep03 04:29:00, False, False,        0
2024Sep03 04:29:10, False, False,        0
2024Sep03 04:29:20, False, False,        0
2024Sep03 04:29:30, False, False,        0
2024Sep03 04:29:40, False, False,        0
2024Sep03 04:30:00, False, False,        0
2024Sep03 04:30:10, False, False,        0
2024Sep03 04:30:20, False, False,        0
2024Sep03 04:30:30, False, False,        0
2024Sep03 04:30:40, False, False,        0
2024Sep03 04:30:50, False, False,        0
2024Sep03 04:31:10, False, False,        0
2024Sep03 04:31:20, False, False,        0
2024Sep03 04:31:30, False, False,        0
2024Sep03 04:31:40, False, False,        0
2024Sep03 04:31:50, False, False,        0
2024Sep03 04:32:00, False, False,        0
2024Sep03 04:32:10, False, False,        0
2024Sep03 04:32:30, False, False,        0
2024Sep03 04:32:40, False, False,        0
2024Sep03 04:32:50, False, False,        0
2024Sep03 04:33:00, False, False,        0
2024Sep03 04:33:10, False, False,        0
2024Sep03 04:33:20, False, False,        0
2024Sep03 04:33:30, False, False,        0
2024Sep03 04:33:40, False, False,        0
2024Sep03 04:34:00, False, False,        0
2024Sep03 04:34:10, False, False,        0
2024Sep03 04:34:20, False, False,        0
2024Sep03 04:34:30, False, False,        0
2024Sep03 04:34:40, False, False,        0
2024Sep03 04:35:00, False, False,        0
2024Sep03 04:35:10, False, False,        0
2024Sep03 04:35:20, False, False,        0
2024Sep03 04:35:30, False, False,        0
2024Sep03 04:35:40, False, False,        0
2024Sep03 04:35:50, False, False,        0
2024Sep03 04:36:00, False, False,        0
2024Sep03 04:36:10, False, False,        0
2024Sep03 04:36:30, False, False,        0
2024Sep03 04:36:40, False, False,        0
2024Sep03 04:36:50, False, False,        0
2024Sep03 04:37:00, False, False,        0
2024Sep03 04:37:10, False, False,        0
2024Sep03 04:37:20, False, False,        0
2024Sep03 04:37:30, False, False,        0
2024Sep03 04:37:50, False, False,        0
2024Sep03 04:38:00, False, False,        0
2024Sep03 04:38:10, False, False,        0
2024Sep03 04:38:20, False, False,        0
2024Sep03 04:38:30, False, False,        0
2024Sep03 04:38:40, False, False,        0
2024Sep03 04:38:50, False, False,        0
2024Sep03 04:39:10, False, False,        0
2024Sep03 04:39:20, False, False,        0
2024Sep03 04:39:30, False, False,        0
2024Sep03 04:39:40, False, False,        0
2024Sep03 04:39:50, False, False,        0
2024Sep03 04:40:00, False, False,        0
2024Sep03 04:40:10, False, False,        0
2024Sep03 04:40:30, False, False,        0
2024Sep03 04:40:40, False, False,        0
2024Sep03 04:40:50, False, False,        0
2024Sep03 04:41:00, False, False,        0
2024Sep03 04:41:10, False, False,        0
2024Sep03 04:41:20, False, False,        0
2024Sep03 04:41:30, False, False,        0
2024Sep03 04:41:40, False, False,        0
2024Sep03 04:41:50, False, False,        0
2024Sep03 04:42:00, False, False,        0
2024Sep03 04:42:10, False, False,        0
2024Sep03 04:42:20, False, False,        0
2024Sep03 04:42:30, False, False,        0
2024Sep03 04:42:40, False, False,        0
2024Sep03 04:42:50, False, False,        0
2024Sep03 04:43:10, False, False,        0
2024Sep03 04:43:20, False, False,        0
2024Sep03 04:43:30, False, False,        0
2024Sep03 04:43:40, False, False,        0
2024Sep03 04:43:50, False, False,        0
2024Sep03 04:44:00, False, False,        0
2024Sep03 04:44:10, False, False,        0
2024Sep03 04:44:20, False, False,        0
2024Sep03 04:44:40, False, False,        0
2024Sep03 04:44:50, False, False,        0
2024Sep03 04:45:00, False, False,        0
2024Sep03 04:45:10, False, False,        0
2024Sep03 04:45:20, False, False,        0
2024Sep03 04:45:30, False, False,        0
2024Sep03 04:45:50, False, False,        0
2024Sep03 04:46:00, False, False,        0
2024Sep03 04:46:10, False, False,        0
2024Sep03 04:46:20, False, False,        0
2024Sep03 04:46:30, False, False,        0
2024Sep03 04:46:40, False, False,        0
2024Sep03 04:46:50, False, False,        0
2024Sep03 04:47:10, False, False,        0
2024Sep03 04:47:20, False, False,        0
2024Sep03 04:47:30, False, False,        0
2024Sep03 04:47:40, False, False,        0
2024Sep03 04:47:50, False, False,        0
2024Sep03 04:48:00, False, False,        0
2024Sep03 04:48:10, False, False,        0
2024Sep03 04:48:20, False, False,        0
2024Sep03 04:48:30, False, False,        0
2024Sep03 04:48:40, False, False,        0
2024Sep03 04:48:50, False, False,        0
2024Sep03 04:49:00, False, False,        0
2024Sep03 04:49:10, False, False,        0
2024Sep03 04:49:20, False, False,        0
2024Sep03 04:49:30, False, False,        0
2024Sep03 04:49:40, False, False,        0
2024Sep03 04:50:00, False, False,        0
2024Sep03 04:50:10, False, False,        0
2024Sep03 04:50:20, False, False,        0
2024Sep03 04:50:30, False, False,        0
2024Sep03 04:50:40, False, False,        0
2024Sep03 04:50:50, False, False,        0
2024Sep03 04:51:00, False, False,        0
2024Sep03 04:51:10, False, False,        0
2024Sep03 04:51:20, False, False,        0
2024Sep03 04:51:30, False, False,        0
2024Sep03 04:51:40, False, False,        0
2024Sep03 04:51:50, False, False,        0
2024Sep03 04:52:00, False, False,        0
2024Sep03 04:52:10, False, False,        0
2024Sep03 04:52:30, False, False,        0
2024Sep03 04:52:40, False, False,        0
2024Sep03 04:52:50, False, False,        0
2024Sep03 04:53:00, False, False,        0
2024Sep03 04:53:10, False, False,        0
2024Sep03 04:53:20, False, False,        0
2024Sep03 04:53:30, False, False,        0
2024Sep03 04:53:40, False, False,        0
2024Sep03 04:53:50, False, False,        0
2024Sep03 04:54:00, False, False,        0
2024Sep03 04:54:10, False, False,        0
2024Sep03 04:54:20, False, False,        0
2024Sep03 04:54:30, False, False,        0
2024Sep03 04:54:40, False, False,        0
2024Sep03 04:54:50, False, False,        0
2024Sep03 04:55:00, False, False,        0
2024Sep03 04:55:20, False, False,        0
2024Sep03 04:55:30, False, False,        0
2024Sep03 04:55:40, False, False,        0
2024Sep03 04:55:50, False, False,        0
2024Sep03 04:56:00, False, False,        0
2024Sep03 04:56:10, False, False,        0
2024Sep03 04:56:20, False, False,        0
2024Sep03 04:56:40, False, False,        0
2024Sep03 04:56:50, False, False,        0
2024Sep03 04:57:00, False, False,        0
2024Sep03 04:57:10, False, False,        0
2024Sep03 04:57:20, False, False,        0
2024Sep03 04:57:30, False, False,        0
2024Sep03 04:57:40, False, False,        0
2024Sep03 04:58:00, False, False,        0
2024Sep03 04:58:10, False, False,        0
2024Sep03 04:58:20, False, False,        0
2024Sep03 04:58:30, False, False,        0
2024Sep03 04:58:40, False, False,        0
2024Sep03 04:58:50, False, False,        0
2024Sep03 04:59:00, False, False,        0
2024Sep03 04:59:10, False, False,        0
2024Sep03 04:59:30, False, False,        0
2024Sep03 04:59:40, False, False,        0
2024Sep03 04:59:50, False, False,        0
2024Sep03 05:00:00, False, False,        0
2024Sep03 05:00:10, False, False,        0
2024Sep03 05:00:20, False, False,        0
2024Sep03 05:00:30, False, False,        0
2024Sep03 05:00:50, False, False,        0
2024Sep03 05:01:00, False, False,        0
2024Sep03 05:01:10, False, False,        0
2024Sep03 05:01:20, False, False,        0
2024Sep03 05:01:30, False, False,        0
2024Sep03 05:01:40, False, False,        0
2024Sep03 05:01:50, False, False,        0
2024Sep03 05:02:10, False, False,        0
2024Sep03 05:02:20, False, False,        0
2024Sep03 05:02:30, False, False,        0
2024Sep03 05:02:40, False, False,        0
2024Sep03 05:02:50, False, False,        0
2024Sep03 05:03:00, False, False,        0
2024Sep03 05:03:10, False, False,        0
2024Sep03 05:03:20, False, False,        0
2024Sep03 05:03:30, False, False,        0
2024Sep03 05:03:40, False, False,        0
2024Sep03 05:03:50, False, False,        0
2024Sep03 05:04:00, False, False,        0
2024Sep03 05:04:10, False, False,        0
2024Sep03 05:04:20, False, False,        0
2024Sep03 05:04:40, False, False,        0
2024Sep03 05:04:50, False, False,        0
2024Sep03 05:05:00, False, False,        0
2024Sep03 05:05:10, False, False,        0
2024Sep03 05:05:20, False, False,        0
2024Sep03 05:05:30, False, False,        0
2024Sep03 05:05:40, False, False,        0
2024Sep03 05:06:00, False, False,        0
2024Sep03 05:06:10, False, False,        0
2024Sep03 05:06:20, False, False,        0
2024Sep03 05:06:30, False, False,        0
2024Sep03 05:06:40, False, False,        0
2024Sep03 05:06:50, False, False,        0
2024Sep03 05:07:00, False, False,        0
2024Sep03 05:07:10, False, False,        0
2024Sep03 05:07:20, False, False,        0
2024Sep03 05:07:30, False, False,        0
2024Sep03 05:07:40, False, False,        0
2024Sep03 05:07:50, False, False,        0
2024Sep03 05:08:00, False, False,        0
2024Sep03 05:08:10, False, False,        0
2024Sep03 05:08:20, False, False,        0
2024Sep03 05:08:30, False, False,        0
2024Sep03 05:08:50, False, False,        0
2024Sep03 05:09:00, False, False,        0
2024Sep03 05:09:10, False, False,        0
2024Sep03 05:09:20, False, False,        0
2024Sep03 05:09:30, False, False,        0
2024Sep03 05:09:40, False, False,        0
2024Sep03 05:09:50, False, False,        0
2024Sep03 05:10:10, False, False,        0
2024Sep03 05:10:20, False, False,        0
2024Sep03 05:10:30, False, False,        0
2024Sep03 05:10:40, False, False,        0
2024Sep03 05:10:50, False, False,        0
2024Sep03 05:11:00, False, False,        0
2024Sep03 05:11:10, False, False,        0
2024Sep03 05:11:30, False, False,        0
2024Sep03 05:11:40, False, False,        0
2024Sep03 05:11:50, False, False,        0
2024Sep03 05:12:00, False, False,        0
2024Sep03 05:12:10, False, False,        0
2024Sep03 05:12:20, False, False,        0
2024Sep03 05:12:30, False, False,        0
2024Sep03 05:12:50, False, False,        0
2024Sep03 05:13:00, False, False,        0
2024Sep03 05:13:10, False, False,        0
2024Sep03 05:13:20, False, False,        0
2024Sep03 05:13:30, False, False,        0
2024Sep03 05:13:40, False, False,        0
2024Sep03 05:13:50, False, False,        0
2024Sep03 05:14:00, False, False,        0
2024Sep03 05:14:20, False, False,        0
2024Sep03 05:14:30, False, False,        0
2024Sep03 05:14:40, False, False,        0
2024Sep03 05:14:50, False, False,        0
2024Sep03 05:15:00, False, False,        0
2024Sep03 05:15:10, False, False,        0
2024Sep03 05:15:20, False, False,        0
2024Sep03 05:15:30, False, False,        0
2024Sep03 05:15:40, False, False,        0
2024Sep03 05:15:50, False, False,        0
2024Sep03 05:16:00, False, False,        0
2024Sep03 05:16:10, False, False,        0
2024Sep03 05:16:20, False, False,        0
2024Sep03 05:16:40, False, False,        0
2024Sep03 05:16:50, False, False,        0
2024Sep03 05:17:00, False, False,        0
2024Sep03 05:17:10, False, False,        0
2024Sep03 05:17:20, False, False,        0
2024Sep03 05:17:30, False, False,        0
2024Sep03 05:17:40, False, False,        0
2024Sep03 05:18:00, False, False,        0
2024Sep03 05:18:10, False, False,        0
2024Sep03 05:18:20, False, False,        0
2024Sep03 05:18:30, False, False,        0
2024Sep03 05:18:40, False, False,        0
2024Sep03 05:18:50, False, False,        0
2024Sep03 05:19:00, False, False,        0
2024Sep03 05:19:10, False, False,        0
2024Sep03 05:19:30, False, False,        0
2024Sep03 05:19:40, False, False,        0
2024Sep03 05:19:50, False, False,        0
2024Sep03 05:20:00, False, False,        0
2024Sep03 05:20:10, False, False,        0
2024Sep03 05:20:20, False, False,        0
2024Sep03 05:20:40, False, False,        0
2024Sep03 05:20:50, False, False,        0
2024Sep03 05:21:00, False, False,        0
2024Sep03 05:21:10, False, False,        0
2024Sep03 05:21:20, False, False,        0
2024Sep03 05:21:30, False, False,        0
2024Sep03 05:21:40, False, False,        0
2024Sep03 05:22:00, False, False,        0
2024Sep03 05:22:10, False, False,        0
2024Sep03 05:22:20, False, False,        0
2024Sep03 05:22:30, False, False,        0
2024Sep03 05:22:40, False, False,        0
2024Sep03 05:22:50, False, False,        0
2024Sep03 05:23:00, False, False,        0
2024Sep03 05:23:10, False, False,        0
2024Sep03 05:23:30, False, False,        0
2024Sep03 05:23:40, False, False,        0
2024Sep03 05:23:50, False, False,        0
2024Sep03 05:24:00, False, False,        0
2024Sep03 05:24:10, False, False,        0
2024Sep03 05:24:20, False, False,        0
2024Sep03 05:24:30, False, False,        0
2024Sep03 05:24:50, False, False,        0
2024Sep03 05:25:00, False, False,        0
2024Sep03 05:25:10, False, False,        0
2024Sep03 05:25:20, False, False,        0
2024Sep03 05:25:30, False, False,        0
2024Sep03 05:25:40, False, False,        0
2024Sep03 05:25:50, False, False,        0
2024Sep03 05:26:10, False, False,        0
2024Sep03 05:26:20, False, False,        0
2024Sep03 05:26:30, False, False,        0
2024Sep03 05:26:40, False, False,        0
2024Sep03 05:26:50, False, False,        0
2024Sep03 05:27:00, False, False,        0
2024Sep03 05:27:10, False, False,        0
2024Sep03 05:27:30, False, False,        0
2024Sep03 05:27:40, False, False,        0
2024Sep03 05:27:50, False, False,        0
2024Sep03 05:28:00, False, False,        0
2024Sep03 05:28:10, False, False,        0
2024Sep03 05:28:20, False, False,        0
2024Sep03 05:28:30, False, False,        0
2024Sep03 05:28:50, False, False,        0
2024Sep03 05:29:00, False, False,        0
2024Sep03 05:29:10, False, False,        0
2024Sep03 05:29:20, False, False,        0
2024Sep03 05:29:30, False, False,        0
2024Sep03 05:29:40, False, False,        0
2024Sep03 05:29:50, False, False,        0
2024Sep03 05:30:00, False, False,        0
2024Sep03 05:30:20, False, False,        0
2024Sep03 05:30:30, False, False,        0
2024Sep03 05:30:40, False, False,        0
2024Sep03 05:30:50, False, False,        0
2024Sep03 05:31:00, False, False,        0
2024Sep03 05:31:10, False, False,        0
2024Sep03 05:31:20, False, False,        0
2024Sep03 05:31:30, False, False,        0
2024Sep03 05:31:40, False, False,        0
2024Sep03 05:31:50, False, False,        0
2024Sep03 05:32:00, False, False,        0
2024Sep03 05:32:10, False, False,        0
2024Sep03 05:32:20, False, False,        0
2024Sep03 05:32:30, False, False,        0
2024Sep03 05:32:40, False, False,        0
2024Sep03 05:32:50, False, False,        0
2024Sep03 05:33:10, False, False,        0
2024Sep03 05:33:20, False, False,        0
2024Sep03 05:33:30, False, False,        0
2024Sep03 05:33:40, False, False,        0
2024Sep03 05:33:50, False, False,        0
2024Sep03 05:34:00, False, False,        0
2024Sep03 05:34:10, False, False,        0
2024Sep03 05:34:20, False, False,        0
2024Sep03 05:34:40, False, False,        0
2024Sep03 05:34:50, False, False,        0
2024Sep03 05:35:00, False, False,        0
2024Sep03 05:35:10, False, False,        0
2024Sep03 05:35:20, False, False,        0
2024Sep03 05:35:30, False, False,        0
2024Sep03 05:35:40, False, False,        0
2024Sep03 05:36:00, False, False,        0
2024Sep03 05:36:10, False, False,        0
2024Sep03 05:36:20, False, False,        0
2024Sep03 05:36:30, False, False,        0
2024Sep03 05:36:40, False, False,        0
2024Sep03 05:37:00, False, False,        0
2024Sep03 05:37:10, False, False,        0
2024Sep03 05:37:20, False, False,        0
2024Sep03 05:37:30, False, False,        0
2024Sep03 05:37:40, False, False,        0
2024Sep03 05:37:50, False, False,        0
2024Sep03 05:38:00, False, False,        0
2024Sep03 05:38:10, False, False,        0
2024Sep03 05:38:30, False, False,        0
2024Sep03 05:38:40, False, False,        0
2024Sep03 05:38:50, False, False,        0
2024Sep03 05:39:00, False, False,        0
2024Sep03 05:39:10, False, False,        0
2024Sep03 05:39:20, False, False,        0
2024Sep03 05:39:30, False, False,        0
2024Sep03 05:39:50, False, False,        0
2024Sep03 05:40:00, False, False,        0
2024Sep03 05:40:10, False, False,        0
2024Sep03 05:40:20, False, False,        0
2024Sep03 05:40:30, False, False,        0
2024Sep03 05:40:40, False, False,        0
2024Sep03 05:40:50, False, False,        0
2024Sep03 05:41:10, False, False,        0
2024Sep03 05:41:20, False, False,        0
2024Sep03 05:41:30, False, False,        0
2024Sep03 05:41:40, False, False,        0
2024Sep03 05:41:50, False, False,        0
2024Sep03 05:42:00, False, False,        0
2024Sep03 05:42:10, False, False,        0
2024Sep03 05:42:30, False, False,        0
2024Sep03 05:42:40, False, False,        0
2024Sep03 05:42:50, False, False,        0
2024Sep03 05:43:00, False, False,        0
2024Sep03 05:43:10, False, False,        0
2024Sep03 05:43:20, False, False,        0
2024Sep03 05:43:30, False, False,        0
2024Sep03 05:43:50, False, False,        0
2024Sep03 05:44:00, False, False,        0
2024Sep03 05:44:10, False, False,        0
2024Sep03 05:44:20, False, False,        0
2024Sep03 05:44:30, False, False,        0
2024Sep03 05:44:50, False, False,        0
2024Sep03 05:45:00, False, False,        0
2024Sep03 05:45:10, False, False,        0
2024Sep03 05:45:20, False, False,        0
2024Sep03 05:45:30, False, False,        0
2024Sep03 05:45:40, False, False,        0
2024Sep03 05:45:50, False, False,        0
2024Sep03 05:46:10, False, False,        0
2024Sep03 05:46:20, False, False,        0
2024Sep03 05:46:30, False, False,        0
2024Sep03 05:46:40, False, False,        0
2024Sep03 05:46:50, False, False,        0
2024Sep03 05:47:00, False, False,        0
2024Sep03 05:47:10, False, False,        0
2024Sep03 05:47:30, False, False,        0
2024Sep03 05:47:40, False, False,        0
2024Sep03 05:47:50, False, False,        0
2024Sep03 05:48:00, False, False,        0
2024Sep03 05:48:10, False, False,        0
2024Sep03 05:48:20, False, False,        0
2024Sep03 05:48:30, False, False,        0
2024Sep03 05:48:50, False, False,        0
2024Sep03 05:49:00, False, False,        0
2024Sep03 05:49:10, False, False,        0
2024Sep03 05:49:20, False, False,        0
2024Sep03 05:49:30, False, False,        0
2024Sep03 05:49:40, False, False,        0
2024Sep03 05:50:00, False, False,        0
2024Sep03 05:50:10, False, False,        0
2024Sep03 05:50:20, False, False,        0
2024Sep03 05:50:30, False, False,        0
2024Sep03 05:50:40, False, False,        0
2024Sep03 05:50:50, False, False,        0
2024Sep03 05:51:00, False, False,        0
2024Sep03 05:51:20, False, False,        0
2024Sep03 05:51:30, False, False,        0
2024Sep03 05:51:40, False, False,        0
2024Sep03 05:51:50, False, False,        0
2024Sep03 05:52:00, False, False,        0
2024Sep03 05:52:20, False, False,        0
2024Sep03 05:52:30, False, False,        0
2024Sep03 05:52:40, False, False,        0
2024Sep03 05:52:50, False, False,        0
2024Sep03 05:53:00, False, False,        0
2024Sep03 05:53:10, False, False,        0
2024Sep03 05:53:20, False, False,        0
2024Sep03 05:53:40, False, False,        0
2024Sep03 05:53:50, False, False,        0
2024Sep03 05:54:00, False, False,        0
2024Sep03 05:54:10, False, False,        0
2024Sep03 05:54:30, False, False,        0
2024Sep03 05:54:40, False, False,        0
2024Sep03 05:54:50, False, False,        0
2024Sep03 05:55:00, False, False,        0
2024Sep03 05:55:10, False, False,        0
2024Sep03 05:55:20, False, False,        0
2024Sep03 05:55:40, False, False,        0
2024Sep03 05:55:50, False, False,        0
2024Sep03 05:56:00, False, False,        0
2024Sep03 05:56:10, False, False,        0
2024Sep03 05:56:20, False, False,        0
2024Sep03 05:56:30, False, False,        0
2024Sep03 05:56:40, False, False,        0
2024Sep03 05:57:00, False, False,        0
2024Sep03 05:57:10, False, False,        0
2024Sep03 05:57:20, False, False,        0
2024Sep03 05:57:30, False, False,        0
2024Sep03 05:57:40, False, False,        0
2024Sep03 05:57:50, False, False,        0
2024Sep03 05:58:00, False, False,        0
2024Sep03 05:58:10, False, False,        0
2024Sep03 05:58:20, False, False,        0
2024Sep03 05:58:30, False, False,        0
2024Sep03 05:58:40, False, False,        0
2024Sep03 05:58:50, False, False,        0
2024Sep03 05:59:00, False, False,        0
2024Sep03 05:59:10, False, False,        0
2024Sep03 05:59:20, False, False,        0
2024Sep03 05:59:30, False, False,        0
2024Sep03 05:59:50, False, False,        0
2024Sep03 06:00:00, False, False,        0
2024Sep03 06:00:10, False, False,        0
2024Sep03 06:00:20, False, False,        0
2024Sep03 06:00:30, False, False,        0
2024Sep03 06:00:40, False, False,        0
2024Sep03 06:00:50, False, False,        0
2024Sep03 06:01:10, False, False,        0
2024Sep03 06:01:20, False, False,        0
2024Sep03 06:01:30, False, False,        0
2024Sep03 06:01:40, False, False,        0
2024Sep03 06:01:50, False, False,        0
2024Sep03 06:02:00, False, False,        0
2024Sep03 06:02:20, False, False,        0
2024Sep03 06:02:30, False, False,        0
2024Sep03 06:02:40, False, False,        0
2024Sep03 06:02:50, False, False,        0
2024Sep03 06:03:00, False, False,        0
2024Sep03 06:03:10, False, False,        0
2024Sep03 06:03:20, False, False,        0
2024Sep03 06:03:40, False, False,        0
2024Sep03 06:03:50, False, False,        0
2024Sep03 06:04:00, False, False,        0
2024Sep03 06:04:10, False, False,        0
2024Sep03 06:04:20, False, False,        0
2024Sep03 06:04:30, False, False,        0
2024Sep03 06:04:40, False, False,        0
2024Sep03 06:05:00, False, False,        0
2024Sep03 06:05:10, False, False,        0
2024Sep03 06:05:20, False, False,        0
2024Sep03 06:05:30, False, False,        0
2024Sep03 06:05:40, False, False,        0
2024Sep03 06:05:50, False, False,        0
2024Sep03 06:06:00, False, False,        0
2024Sep03 06:06:10, False, False,        0
2024Sep03 06:06:30, False, False,        0
2024Sep03 06:06:40, False, False,        0
2024Sep03 06:06:50, False, False,        0
2024Sep03 06:07:00, False, False,        0
2024Sep03 06:07:10, False, False,        0
2024Sep03 06:07:20, False, False,        0
2024Sep03 06:07:30, False, False,        0
2024Sep03 06:07:50, False, False,        0
2024Sep03 06:08:00, False, False,        0
2024Sep03 06:08:10, False, False,        0
2024Sep03 06:08:20, False, False,        0
2024Sep03 06:08:30, False, False,        0
2024Sep03 06:08:40, False, False,        0
2024Sep03 06:08:50, False, False,        0
2024Sep03 06:09:10, False, False,        0
2024Sep03 06:09:20, False, False,        0
2024Sep03 06:09:30, False, False,        0
2024Sep03 06:09:40, False, False,        0
2024Sep03 06:09:50, False, False,        0
2024Sep03 06:10:00, False, False,        0
2024Sep03 06:10:10, False, False,        0
2024Sep03 06:10:20, False, False,        0
2024Sep03 06:10:30, False, False,        0
2024Sep03 06:10:40, False, False,        0
2024Sep03 06:10:50, False, False,        0
2024Sep03 06:11:00, False, False,        0
2024Sep03 06:11:10, False, False,        0
2024Sep03 06:11:20, False, False,        0
2024Sep03 06:11:30, False, False,        0
2024Sep03 06:11:40, False, False,        0
2024Sep03 06:11:50, False, False,        0
2024Sep03 06:12:00, False, False,        0
2024Sep03 06:12:10, False, False,        0
2024Sep03 06:12:20, False, False,        0
2024Sep03 06:12:30, False, False,        0
2024Sep03 06:12:50, False, False,        0
2024Sep03 06:13:00, False, False,        0
2024Sep03 06:13:10, False, False,        0
2024Sep03 06:13:20, False, False,        0
2024Sep03 06:13:30, False, False,        0
2024Sep03 06:13:40, False, False,        0
2024Sep03 06:13:50, False, False,        0
2024Sep03 06:14:10, False, False,        0
2024Sep03 06:14:20, False, False,        0
2024Sep03 06:14:30, False, False,        0
2024Sep03 06:14:40, False, False,        0
2024Sep03 06:14:50, False, False,        0
2024Sep03 06:15:00, False, False,        0
2024Sep03 06:15:10, False, False,        0
2024Sep03 06:15:30, False, False,        0
2024Sep03 06:15:40, False, False,        0
2024Sep03 06:15:50, False, False,        0
2024Sep03 06:16:00, False, False,        0
2024Sep03 06:16:10, False, False,        0
2024Sep03 06:16:20, False, False,        0
2024Sep03 06:16:30, False, False,        0
2024Sep03 06:16:50, False, False,        0
2024Sep03 06:17:00, False, False,        0
2024Sep03 06:17:10, False, False,        0
2024Sep03 06:17:20, False, False,        0
2024Sep03 06:17:30, False, False,        0
2024Sep03 06:17:40, False, False,        0
2024Sep03 06:17:50, False, False,        0
2024Sep03 06:18:00, False, False,        0
2024Sep03 06:18:20, False, False,        0
2024Sep03 06:18:30, False, False,        0
2024Sep03 06:18:40, False, False,        0
2024Sep03 06:18:50, False, False,        0
2024Sep03 06:19:00, False, False,        0
2024Sep03 06:19:10, False, False,        0
2024Sep03 06:19:20, False, False,        0
2024Sep03 06:19:30, False, False,        0
2024Sep03 06:19:50, False, False,        0
2024Sep03 06:20:00, False, False,        0
2024Sep03 06:20:10, False, False,        0
2024Sep03 06:20:20, False, False,        0
2024Sep03 06:20:30, False, False,        0
2024Sep03 06:20:40, False, False,        0
2024Sep03 06:21:00, False, False,        0
2024Sep03 06:21:10, False, False,        0
2024Sep03 06:21:20, False, False,        0
2024Sep03 06:21:30, False, False,        0
2024Sep03 06:21:40, False, False,        0
2024Sep03 06:21:50, False, False,        0
2024Sep03 06:22:00, False, False,        0
2024Sep03 06:22:20, False, False,        0
2024Sep03 06:22:30, False, False,        0
2024Sep03 06:22:40, False, False,        0
2024Sep03 06:22:50, False, False,        0
2024Sep03 06:23:00, False, False,        0
2024Sep03 06:23:10, False, False,        0
2024Sep03 06:23:20, False, False,        0
2024Sep03 06:23:40, False, False,        0
2024Sep03 06:23:50, False, False,        0
2024Sep03 06:24:00, False, False,        0
2024Sep03 06:24:10, False, False,        0
2024Sep03 06:24:20, False, False,        0
2024Sep03 06:24:30, False, False,        0
2024Sep03 06:24:40, False, False,        0
2024Sep03 06:24:50, False, False,        0
2024Sep03 06:25:10, False, False,        0
2024Sep03 06:25:20, False, False,        0
2024Sep03 06:25:30, False, False,        0
2024Sep03 06:25:40, False, False,        0
2024Sep03 06:25:50, False, False,        0
2024Sep03 06:26:00, False, False,        0
2024Sep03 06:26:10, False, False,        0
2024Sep03 06:26:20, False, False,        0
2024Sep03 06:26:30, False, False,        0
2024Sep03 06:26:40, False, False,        0
2024Sep03 06:26:50, False, False,        0
2024Sep03 06:27:00, False, False,        0
2024Sep03 06:27:10, False, False,        0
2024Sep03 06:27:20, False, False,        0
2024Sep03 06:27:40, False, False,        0
2024Sep03 06:27:50, False, False,        0
2024Sep03 06:28:00, False, False,        0
2024Sep03 06:28:10, False, False,        0
2024Sep03 06:28:20, False, False,        0
2024Sep03 06:28:30, False, False,        0
2024Sep03 06:28:40, False, False,        0
2024Sep03 06:29:00, False, False,        0
2024Sep03 06:29:10, False, False,        0
2024Sep03 06:29:20, False, False,        0
2024Sep03 06:29:30, False, False,        0
2024Sep03 06:29:40, False, False,        0
2024Sep03 06:29:50, False, False,        0
2024Sep03 06:30:00, False, False,        0
2024Sep03 06:30:10, False, False,        0
2024Sep03 06:30:30, False, False,        0
